"","id","name","sex","age","height","weight","team","noc","games","year","season","city","sport","event","medal","gold","sex_c","event_gender"
"1",145,"Jeremy Abbott","M",28,175,70,"United States","USA","2014 Winter",2014,"Winter","Sochi","Figure Skating","Figure Skating  Team","Bronze",0,-0.5,"Mixed"
"2",1188,"Benjamin Alexandro ""Ben"" Agosto","M",24,178,75,"United States-1","USA","2006 Winter",2006,"Winter","Torino","Figure Skating","Figure Skating  Ice Dancing","Silver",0,-0.5,"Mixed"
"3",1356,"Christian Ahlmann","M",29,189,80,"Germany","GER","2004 Summer",2004,"Summer","Athina","Equestrianism","Equestrianism  Jumping, Team","Bronze",0,-0.5,"Mixed"
"4",1356,"Christian Ahlmann","M",41,189,80,"Germany","GER","2016 Summer",2016,"Summer","Rio de Janeiro","Equestrianism","Equestrianism  Jumping, Team","Bronze",0,-0.5,"Mixed"
"5",1374,"Tontowi Ahmad","M",29,179,72,"Indonesia-1","INA","2016 Summer",2016,"Summer","Rio de Janeiro","Badminton","Badminton  Doubles","Gold",1,-0.5,"Mixed"
"6",1498,"Charles Benedict ""Ben"" Ainslie","M",19,183,90,"Great Britain","GBR","1996 Summer",1996,"Summer","Atlanta","Sailing","Sailing  One Person Dinghy","Silver",0,-0.5,"Mixed"
"7",1498,"Charles Benedict ""Ben"" Ainslie","M",23,183,90,"Great Britain","GBR","2000 Summer",2000,"Summer","Sydney","Sailing","Sailing  One Person Dinghy","Gold",1,-0.5,"Mixed"
"8",1498,"Charles Benedict ""Ben"" Ainslie","M",31,183,90,"Great Britain","GBR","2008 Summer",2008,"Summer","Beijing","Sailing","Sailing  One Person Dinghy","Gold",1,-0.5,"Mixed"
"9",1885,"Ramzy Al-Duhami","M",40,162,70,"Saudi Arabia","KSA","2012 Summer",2012,"Summer","London","Equestrianism","Equestrianism  Jumping, Team","Bronze",0,-0.5,"Mixed"
"10",1889,"Khaled Al-Eid","M",31,175,57,"Saudi Arabia","KSA","2000 Summer",2000,"Summer","Sydney","Equestrianism","Equestrianism  Jumping, Individual","Bronze",0,-0.5,"Mixed"
"11",2134,"Prince Abdullah Bin Moteb Al-Saud","M",27,178,69,"Saudi Arabia","KSA","2012 Summer",2012,"Summer","London","Equestrianism","Equestrianism  Jumping, Team","Bronze",0,-0.5,"Mixed"
"12",2651,"Sara Anneli Algotsson Ostholt","F",37,163,56,"Sweden","SWE","2012 Summer",2012,"Summer","London","Equestrianism","Equestrianism  Three-Day Event, Individual","Silver",0,0.5,"Mixed"
"13",4392,"Marina Vyacheslavovna Anissina (-Dzhigurda)","F",22,162,52,"France-1","FRA","1998 Winter",1998,"Winter","Nagano","Figure Skating","Figure Skating  Ice Dancing","Bronze",0,0.5,"Mixed"
"14",4392,"Marina Vyacheslavovna Anissina (-Dzhigurda)","F",26,162,52,"France-1","FRA","2002 Winter",2002,"Winter","Salt Lake City","Figure Skating","Figure Skating  Ice Dancing","Gold",1,0.5,"Mixed"
"15",4579,"Vladislav Nikolayevich Antonov","M",22,179,80,"Russia","RUS","2014 Winter",2014,"Winter","Sochi","Luge","Luge  Team Relay","Silver",0,-0.5,"Mixed"
"16",4921,"Simon David Archer","M",27,189,86,"Great Britain-2","GBR","2000 Summer",2000,"Summer","Sydney","Badminton","Badminton  Doubles","Bronze",0,-0.5,"Mixed"
"17",5117,"Tobias Arlt","M",26,178,77,"Germany-1","GER","2014 Winter",2014,"Winter","Sochi","Luge","Luge  (Men)'s Doubles","Gold",1,-0.5,"Mixed"
"18",5117,"Tobias Arlt","M",26,178,77,"Germany","GER","2014 Winter",2014,"Winter","Sochi","Luge","Luge  Team Relay","Gold",1,-0.5,"Mixed"
"19",5532,"Glenn Ashby","M",30,170,76,"Australia","AUS","2008 Summer",2008,"Summer","Beijing","Sailing","Sailing  Multihull","Silver",0,-0.5,"Mixed"
"20",5934,"Sandra Auffarth","F",25,170,57,"Germany","GER","2012 Summer",2012,"Summer","London","Equestrianism","Equestrianism  Three-Day Event, Individual","Bronze",0,0.5,"Mixed"
"21",5934,"Sandra Auffarth","F",25,170,57,"Germany","GER","2012 Summer",2012,"Summer","London","Equestrianism","Equestrianism  Three-Day Event, Team","Gold",1,0.5,"Mixed"
"22",5934,"Sandra Auffarth","F",29,170,57,"Germany","GER","2016 Summer",2016,"Summer","Rio de Janeiro","Equestrianism","Equestrianism  Three-Day Event, Team","Silver",0,0.5,"Mixed"
"23",6092,"Ilya Izyaslavovich Averbukh","M",28,177,68,"Russia-1","RUS","2002 Winter",2002,"Winter","Salt Lake City","Figure Skating","Figure Skating  Ice Dancing","Silver",0,-0.5,"Mixed"
"24",6296,"Viktoriya Fyodorovna ""Vika"" Azarenko","F",22,183,60,"Belarus","BLR","2012 Summer",2012,"Summer","London","Tennis","Tennis  Doubles","Gold",1,0.5,"Mixed"
"25",6812,"Kamal Bahamdan","M",42,172,69,"Saudi Arabia","KSA","2012 Summer",2012,"Summer","London","Equestrianism","Equestrianism  Jumping, Team","Bronze",0,-0.5,"Mixed"
"26",6834,"Gunnar Bahr","M",25,185,87,"Germany","GER","2000 Summer",2000,"Summer","Sydney","Sailing","Sailing  Three Person Keelboat","Silver",0,-0.5,"Mixed"
"27",7272,"Nikolaus ""Klaus"" Balkenhol","M",56,178,83,"Germany","GER","1996 Summer",1996,"Summer","Atlanta","Equestrianism","Equestrianism  Dressage, Team","Gold",1,-0.5,"Mixed"
"28",7322,"Jos Luis Ballester Tuliesa","M",27,173,72,"Spain","ESP","1996 Summer",1996,"Summer","Atlanta","Sailing","Sailing  Multihull","Gold",1,-0.5,"Mixed"
"29",7535,"Jesper Bank","M",43,184,100,"Denmark","DEN","2000 Summer",2000,"Summer","Sydney","Sailing","Sailing  Three Person Keelboat","Gold",1,-0.5,"Mixed"
"30",7890,"Ian Dallas Barker","M",34,183,76,"Great Britain","GBR","2000 Summer",2000,"Summer","Sydney","Sailing","Sailing  Skiff","Silver",0,-0.5,"Mixed"
"31",8240,"Martina Maria Anna Antonia ""Tineke"" Bartels-de Vries","F",45,177,64,"Netherlands","NED","1996 Summer",1996,"Summer","Atlanta","Equestrianism","Equestrianism  Dressage, Team","Silver",0,0.5,"Mixed"
"32",8331,"James ""Jim"" Barton","M",40,188,84,"United States","USA","1996 Summer",1996,"Summer","Atlanta","Sailing","Sailing  Three Person Keelboat","Bronze",0,-0.5,"Mixed"
"33",8381,"Malin Birgitta Baryard-Johnsson","F",29,172,52,"Sweden","SWE","2004 Summer",2004,"Summer","Athina","Equestrianism","Equestrianism  Jumping, Team","Silver",0,0.5,"Mixed"
"34",9041,"Colin Kenneth Beashel","M",36,181,87,"Australia","AUS","1996 Summer",1996,"Summer","Atlanta","Sailing","Sailing  Two Person Keelboat","Bronze",0,-0.5,"Mixed"
"35",9154,"Laura Bechtolsheimer (-Tomlinson)","F",27,169,56,"Great Britain","GBR","2012 Summer",2012,"Summer","London","Equestrianism","Equestrianism  Dressage, Individual","Bronze",0,0.5,"Mixed"
"36",9154,"Laura Bechtolsheimer (-Tomlinson)","F",27,169,56,"Great Britain","GBR","2012 Summer",2012,"Summer","London","Equestrianism","Equestrianism  Dressage, Team","Gold",1,0.5,"Mixed"
"37",9213,"Otto Becker","M",41,182,78,"Germany","GER","2000 Summer",2000,"Summer","Sydney","Equestrianism","Equestrianism  Jumping, Team","Gold",1,-0.5,"Mixed"
"38",9213,"Otto Becker","M",45,182,78,"Germany","GER","2004 Summer",2004,"Summer","Athina","Equestrianism","Equestrianism  Jumping, Team","Bronze",0,-0.5,"Mixed"
"39",9349,"Ludger Beerbaum","M",32,190,85,"Germany","GER","1996 Summer",1996,"Summer","Atlanta","Equestrianism","Equestrianism  Jumping, Team","Gold",1,-0.5,"Mixed"
"40",9349,"Ludger Beerbaum","M",37,190,85,"Germany","GER","2000 Summer",2000,"Summer","Sydney","Equestrianism","Equestrianism  Jumping, Team","Gold",1,-0.5,"Mixed"
"41",9349,"Ludger Beerbaum","M",52,190,85,"Germany","GER","2016 Summer",2016,"Summer","Rio de Janeiro","Equestrianism","Equestrianism  Jumping, Team","Bronze",0,-0.5,"Mixed"
"42",9420,"Jan Behrendt","M",26,169,70,"Germany-1","GER","1994 Winter",1994,"Winter","Lillehammer","Luge","Luge  (Men)'s Doubles","Bronze",0,-0.5,"Mixed"
"43",9420,"Jan Behrendt","M",30,169,70,"Germany-1","GER","1998 Winter",1998,"Winter","Nagano","Luge","Luge  (Men)'s Doubles","Gold",1,-0.5,"Mixed"
"44",9561,"Tanith Jessica Louise Belbin","F",21,167,52,"United States-1","USA","2006 Winter",2006,"Winter","Torino","Figure Skating","Figure Skating  Ice Dancing","Silver",0,0.5,"Mixed"
"45",10085,"Rolf-Gran Bengtsson","M",42,171,67,"Sweden","SWE","2004 Summer",2004,"Summer","Athina","Equestrianism","Equestrianism  Jumping, Team","Silver",0,-0.5,"Mixed"
"46",10085,"Rolf-Gran Bengtsson","M",46,171,67,"Sweden","SWE","2008 Summer",2008,"Summer","Beijing","Equestrianism","Equestrianism  Jumping, Individual","Silver",0,-0.5,"Mixed"
"47",10361,"Yelena Viktorovna Berezhnaya","F",20,154,42,"Russia-2","RUS","1998 Winter",1998,"Winter","Nagano","Figure Skating","Figure Skating  Pairs","Silver",0,0.5,"Mixed"
"48",10361,"Yelena Viktorovna Berezhnaya","F",24,154,42,"Russia-1","RUS","2002 Winter",2002,"Winter","Salt Lake City","Figure Skating","Figure Skating  Pairs","Gold",1,0.5,"Mixed"
"49",10467,"Tora Berger (-Tveldal)","F",32,166,56,"Norway","NOR","2014 Winter",2014,"Winter","Sochi","Biathlon","Biathlon  2 x 6 kilometres and 2 x 7.5 kilometres Relay","Gold",1,0.5,"Mixed"
"50",11448,"Fiona Clare Bigwood","F",40,173,75,"Great Britain","GBR","2016 Summer",2016,"Summer","Rio de Janeiro","Equestrianism","Equestrianism  Dressage, Team","Silver",0,0.5,"Mixed"
"51",11951,"Ole Einar Bjrndalen","M",40,178,65,"Norway","NOR","2014 Winter",2014,"Winter","Sochi","Biathlon","Biathlon  2 x 6 kilometres and 2 x 7.5 kilometres Relay","Gold",1,-0.5,"Mixed"
"52",11995,"Julie Lynne Black-Burns Richards","F",33,170,54,"United States","USA","2004 Summer",2004,"Summer","Athina","Equestrianism","Equestrianism  Three-Day Event, Team","Bronze",0,0.5,"Mixed"
"53",12003,"Michael James Blackburn","M",30,178,78,"Australia","AUS","2000 Summer",2000,"Summer","Sydney","Sailing","Sailing  One Person Dinghy","Bronze",0,-0.5,"Mixed"
"54",12095,"Henrik Blakskjr","M",29,194,90,"Denmark","DEN","2000 Summer",2000,"Summer","Sydney","Sailing","Sailing  Three Person Keelboat","Gold",1,-0.5,"Mixed"
"55",12278,"Susan M. Blinks","F",42,167,68,"United States","USA","2000 Summer",2000,"Summer","Sydney","Equestrianism","Equestrianism  Dressage, Team","Bronze",0,0.5,"Mixed"
"56",12494,"Yekaterina Aleksandrovna Bobrova","F",23,160,49,"Russia","RUS","2014 Winter",2014,"Winter","Sochi","Figure Skating","Figure Skating  Team","Gold",1,0.5,"Mixed"
"57",12886,"Arnaud Boiteau","M",30,185,76,"France","FRA","2004 Summer",2004,"Summer","Athina","Equestrianism","Equestrianism  Three-Day Event, Team","Gold",1,-0.5,"Mixed"
"58",13303,"Petronella Theodora Maria ""Ellen"" Bontje","F",42,178,72,"Netherlands","NED","2000 Summer",2000,"Summer","Sydney","Equestrianism","Equestrianism  Dressage, Team","Silver",0,0.5,"Mixed"
"59",13362,"Mitchell Jay ""Mitch"" Booth","M",33,169,78,"Australia","AUS","1996 Summer",1996,"Summer","Atlanta","Sailing","Sailing  Multihull","Silver",0,-0.5,"Mixed"
"60",13536,"Ingo Borkowski","M",28,185,83,"Germany","GER","2000 Summer",2000,"Summer","Sydney","Sailing","Sailing  Three Person Keelboat","Silver",0,-0.5,"Mixed"
"61",13790,"Roger-Yves Bost","M",50,176,80,"France","FRA","2016 Summer",2016,"Summer","Rio de Janeiro","Equestrianism","Equestrianism  Jumping, Team","Gold",1,-0.5,"Mixed"
"62",14578,"Jeanette Brakewell","F",26,169,60,"Great Britain","GBR","2000 Summer",2000,"Summer","Sydney","Equestrianism","Equestrianism  Three-Day Event, Team","Silver",0,0.5,"Mixed"
"63",14578,"Jeanette Brakewell","F",30,169,60,"Great Britain","GBR","2004 Summer",2004,"Summer","Athina","Equestrianism","Equestrianism  Three-Day Event, Team","Silver",0,0.5,"Mixed"
"64",14706,"Scott Brash","M",26,171,64,"Great Britain","GBR","2012 Summer",2012,"Summer","London","Equestrianism","Equestrianism  Jumping, Team","Gold",1,-0.5,"Mixed"
"65",14718,"Isabelle Brasseur (-Marval)","F",23,150,44,"Canada-1","CAN","1994 Winter",1994,"Winter","Lillehammer","Figure Skating","Figure Skating  Pairs","Bronze",0,0.5,"Mixed"
"66",15227,"Allison M. Brock","F",36,168,59,"United States","USA","2016 Summer",2016,"Summer","Rio de Janeiro","Equestrianism","Equestrianism  Dressage, Team","Bronze",0,0.5,"Mixed"
"67",15406,"Kristina Brring-Sprehe","F",25,168,54,"Germany","GER","2012 Summer",2012,"Summer","London","Equestrianism","Equestrianism  Dressage, Team","Silver",0,0.5,"Mixed"
"68",15406,"Kristina Brring-Sprehe","F",29,168,54,"Germany","GER","2016 Summer",2016,"Summer","Rio de Janeiro","Equestrianism","Equestrianism  Dressage, Individual","Bronze",0,0.5,"Mixed"
"69",15406,"Kristina Brring-Sprehe","F",29,168,54,"Germany","GER","2016 Summer",2016,"Summer","Rio de Janeiro","Equestrianism","Equestrianism  Dressage, Team","Gold",1,0.5,"Mixed"
"70",15537,"Jason Brown","M",19,170,61,"United States","USA","2014 Winter",2014,"Winter","Sochi","Figure Skating","Figure Skating  Team","Bronze",0,-0.5,"Mixed"
"71",15693,"Kurt Brugger","M",24,185,86,"Italy-1","ITA","1994 Winter",1994,"Winter","Lillehammer","Luge","Luge  (Men)'s Doubles","Gold",1,-0.5,"Mixed"
"72",15882,"Michael Carl ""Mike"" Bryan","M",34,191,87,"United States-1","USA","2012 Summer",2012,"Summer","London","Tennis","Tennis  Doubles","Bronze",0,-0.5,"Mixed"
"73",16424,"Darren Bundock","M",29,180,70,"Australia","AUS","2000 Summer",2000,"Summer","Sydney","Sailing","Sailing  Multihull","Silver",0,-0.5,"Mixed"
"74",16424,"Darren Bundock","M",37,180,70,"Australia","AUS","2008 Summer",2008,"Summer","Beijing","Sailing","Sailing  Multihull","Silver",0,-0.5,"Mixed"
"75",16717,"Leslie Michele Burr-Howard (-Leneghan-)","F",39,167,55,"United States","USA","1996 Summer",1996,"Summer","Atlanta","Equestrianism","Equestrianism  Jumping, Team","Silver",0,0.5,"Mixed"
"76",16759,"Christopher Burton","M",34,180,70,"Australia","AUS","2016 Summer",2016,"Summer","Rio de Janeiro","Equestrianism","Equestrianism  Three-Day Event, Team","Bronze",0,-0.5,"Mixed"
"77",18029,"Nadine Capellmann (-Biffar-)","F",35,166,51,"Germany","GER","2000 Summer",2000,"Summer","Sydney","Equestrianism","Equestrianism  Dressage, Team","Gold",1,0.5,"Mixed"
"78",18029,"Nadine Capellmann (-Biffar-)","F",43,166,51,"Elvis Va","GER","2008 Summer",2008,"Summer","Beijing","Equestrianism","Equestrianism  Dressage, Team","Gold",1,0.5,"Mixed"
"79",18500,"Cecilia Carranza Saroli","F",29,164,63,"Argentina","ARG","2016 Summer",2016,"Summer","Rio de Janeiro","Sailing","Sailing  Multihull","Gold",1,0.5,"Mixed"
"80",18913,"Marissa Castelli","F",23,152,48,"United States","USA","2014 Winter",2014,"Winter","Sochi","Figure Skating","Figure Skating  Team","Bronze",0,0.5,"Mixed"
"81",19695,"Patrick Lewis Chan","M",23,168,67,"Canada","CAN","2014 Winter",2014,"Winter","Sochi","Figure Skating","Figure Skating  Team","Silver",0,-0.5,"Mixed"
"82",19696,"Chan Peng Soon","M",28,175,68,"Malaysia","MAS","2016 Summer",2016,"Summer","Rio de Janeiro","Badminton","Badminton  Doubles","Silver",0,-0.5,"Mixed"
"83",19898,"Peter Charles","M",52,175,78,"Great Britain","GBR","2012 Summer",2012,"Summer","London","Equestrianism","Equestrianism  Jumping, Team","Gold",1,-0.5,"Mixed"
"84",20621,"Darren M. Chiacchia","M",39,177,74,"United States","USA","2004 Summer",2004,"Summer","Athina","Equestrianism","Equestrianism  Three-Day Event, Team","Bronze",0,-0.5,"Mixed"
"85",22646,"Malcolm ""Mac"" Cone","M",55,188,82,"Canada","CAN","2008 Summer",2008,"Summer","Beijing","Equestrianism","Equestrianism  Jumping, Team","Silver",0,-0.5,"Mixed"
"86",22867,"Althea Kristina ""Tina"" Cook (Gifford-)","F",37,175,71,"Great Britain","GBR","2008 Summer",2008,"Summer","Beijing","Equestrianism","Equestrianism  Three-Day Event, Individual","Bronze",0,0.5,"Mixed"
"87",22867,"Althea Kristina ""Tina"" Cook (Gifford-)","F",37,175,71,"Great Britain","GBR","2008 Summer",2008,"Summer","Beijing","Equestrianism","Equestrianism  Three-Day Event, Team","Bronze",0,0.5,"Mixed"
"88",22867,"Althea Kristina ""Tina"" Cook (Gifford-)","F",41,175,71,"Great Britain","GBR","2012 Summer",2012,"Summer","London","Equestrianism","Equestrianism  Three-Day Event, Team","Silver",0,0.5,"Mixed"
"89",23096,"Monique Adelinde Cornelissen","F",33,168,55,"Netherlands","NED","2012 Summer",2012,"Summer","London","Equestrianism","Equestrianism  Dressage, Individual","Silver",0,0.5,"Mixed"
"90",23096,"Monique Adelinde Cornelissen","F",33,168,55,"Netherlands","NED","2012 Summer",2012,"Summer","London","Equestrianism","Equestrianism  Dressage, Team","Bronze",0,0.5,"Mixed"
"91",23466,"Didier Courrges","M",44,171,65,"France","FRA","2004 Summer",2004,"Summer","Athina","Equestrianism","Equestrianism  Three-Day Event, Team","Gold",1,-0.5,"Mixed"
"92",23544,"Mark Covell","M",32,201,130,"Great Britain","GBR","2000 Summer",2000,"Summer","Sydney","Sailing","Sailing  Two Person Keelboat","Silver",0,-0.5,"Mixed"
"93",25384,"Lisa Darmanin","F",24,168,65,"Australia","AUS","2016 Summer",2016,"Summer","Rio de Janeiro","Sailing","Sailing  Multihull","Silver",0,0.5,"Mixed"
"94",25591,"Bruce Oram Davidson","M",46,180,66,"United States","USA","1996 Summer",1996,"Summer","Atlanta","Equestrianism","Equestrianism  Three-Day Event, Team","Silver",0,-0.5,"Mixed"
"95",25709,"Lucy Davis","F",23,165,55,"United States","USA","2016 Summer",2016,"Summer","Rio de Janeiro","Equestrianism","Equestrianism  Jumping, Team","Silver",0,0.5,"Mixed"
"96",25713,"Meryl Elizabeth Davis","F",23,160,49,"United States-1","USA","2010 Winter",2010,"Winter","Vancouver","Figure Skating","Figure Skating  Ice Dancing","Silver",0,0.5,"Mixed"
"97",25713,"Meryl Elizabeth Davis","F",27,160,49,"United States-1","USA","2014 Winter",2014,"Winter","Sochi","Figure Skating","Figure Skating  Ice Dancing","Gold",1,0.5,"Mixed"
"98",25713,"Meryl Elizabeth Davis","F",27,160,49,"United States","USA","2014 Winter",2014,"Winter","Sochi","Figure Skating","Figure Skating  Team","Bronze",0,0.5,"Mixed"
"99",25718,"Paul Martin Davis","M",42,193,105,"Norway","NOR","2000 Summer",2000,"Summer","Sydney","Sailing","Sailing  Three Person Keelboat","Bronze",0,-0.5,"Mixed"
"100",25898,"Luiz Felipe Cortizo Gonalves de Azevedo","M",42,179,73,"Brazil","BRA","1996 Summer",1996,"Summer","Atlanta","Equestrianism","Equestrianism  Jumping, Team","Bronze",0,-0.5,"Mixed"
"101",25898,"Luiz Felipe Cortizo Gonalves de Azevedo","M",47,179,73,"Brazil","BRA","2000 Summer",2000,"Summer","Sydney","Equestrianism","Equestrianism  Jumping, Team","Bronze",0,-0.5,"Mixed"
"102",26839,"Christopher Colin Dean","M",35,180,73,"Great Britain","GBR","1994 Winter",1994,"Winter","Lillehammer","Figure Skating","Figure Skating  Ice Dancing","Bronze",0,-0.5,"Mixed"
"103",27442,"Albert Mikhaylovich Demchenko","M",42,185,95,"Russia","RUS","2014 Winter",2014,"Winter","Sochi","Luge","Luge  Team Relay","Silver",0,-0.5,"Mixed"
"104",27609,"Aleksandr Vladimirovich Denisyev","M",22,189,100,"Russia","RUS","2014 Winter",2014,"Winter","Sochi","Luge","Luge  Team Relay","Silver",0,-0.5,"Mixed"
"105",27912,"Daniel Deuer","M",34,190,76,"Germany","GER","2016 Summer",2016,"Summer","Rio de Janeiro","Equestrianism","Equestrianism  Jumping, Team","Bronze",0,-0.5,"Mixed"
"106",28324,"Andreas Dibowski","M",42,181,73,"Germany","GER","2008 Summer",2008,"Summer","Beijing","Equestrianism","Equestrianism  Three-Day Event, Team","Gold",1,-0.5,"Mixed"
"107",28333,"Katherine Mary ""Daisy"" Dick (-Berkeley)","F",36,168,55,"Great Britain","GBR","2008 Summer",2008,"Summer","Beijing","Equestrianism","Equestrianism  Three-Day Event, Team","Bronze",0,0.5,"Mixed"
"108",28902,"Artur Valeryevich Dmitriyev","M",26,183,82,"Russia-2","RUS","1994 Winter",1994,"Winter","Lillehammer","Figure Skating","Figure Skating  Pairs","Silver",0,-0.5,"Mixed"
"109",28902,"Artur Valeryevich Dmitriyev","M",30,183,82,"Russia-1","RUS","1998 Winter",1998,"Winter","Nagano","Figure Skating","Figure Skating  Pairs","Gold",1,-0.5,"Mixed"
"110",29041,"Alvaro Affonso ""Doda"" de Miranda Neto","M",23,186,86,"Brazil","BRA","1996 Summer",1996,"Summer","Atlanta","Equestrianism","Equestrianism  Jumping, Team","Bronze",0,-0.5,"Mixed"
"111",29041,"Alvaro Affonso ""Doda"" de Miranda Neto","M",27,186,86,"Brazil","BRA","2000 Summer",2000,"Summer","Sydney","Equestrianism","Equestrianism  Jumping, Team","Bronze",0,-0.5,"Mixed"
"112",29296,"Oksana Aleksandrovna Domnina","F",25,173,56,"Russia-1","RUS","2010 Winter",2010,"Winter","Vancouver","Figure Skating","Figure Skating  Ice Dancing","Bronze",0,0.5,"Mixed"
"113",29751,"Robert Jeffrey Dover","M",40,178,68,"United States","USA","1996 Summer",1996,"Summer","Atlanta","Equestrianism","Equestrianism  Dressage, Team","Bronze",0,-0.5,"Mixed"
"114",29751,"Robert Jeffrey Dover","M",44,178,68,"United States","USA","2000 Summer",2000,"Summer","Sydney","Equestrianism","Equestrianism  Dressage, Team","Bronze",0,-0.5,"Mixed"
"115",29751,"Robert Jeffrey Dover","M",48,178,68,"United States","USA","2004 Summer",2004,"Summer","Athina","Equestrianism","Equestrianism  Dressage, Team","Bronze",0,-0.5,"Mixed"
"116",29928,"Christopher James ""Chris"" Draper","M",26,176,69,"Great Britain","GBR","2004 Summer",2004,"Summer","Athina","Sailing","Sailing  Skiff","Bronze",0,-0.5,"Mixed"
"117",30245,"Jeroen Dubbeldam","M",27,185,85,"Netherlands","NED","2000 Summer",2000,"Summer","Sydney","Equestrianism","Equestrianism  Jumping, Individual","Gold",1,-0.5,"Mixed"
"118",30491,"Meagan Duhamel","F",28,148,48,"Canada","CAN","2014 Winter",2014,"Winter","Sochi","Figure Skating","Figure Skating  Team","Silver",0,0.5,"Mixed"
"119",30505,"Charlotte Susan Jane Dujardin","F",27,170,57,"Great Britain","GBR","2012 Summer",2012,"Summer","London","Equestrianism","Equestrianism  Dressage, Individual","Gold",1,0.5,"Mixed"
"120",30505,"Charlotte Susan Jane Dujardin","F",27,170,57,"Great Britain","GBR","2012 Summer",2012,"Summer","London","Equestrianism","Equestrianism  Dressage, Team","Gold",1,0.5,"Mixed"
"121",30505,"Charlotte Susan Jane Dujardin","F",31,170,57,"Great Britain","GBR","2016 Summer",2016,"Summer","Rio de Janeiro","Equestrianism","Equestrianism  Dressage, Individual","Gold",1,0.5,"Mixed"
"122",30505,"Charlotte Susan Jane Dujardin","F",31,170,57,"Great Britain","GBR","2016 Summer",2016,"Summer","Rio de Janeiro","Equestrianism","Equestrianism  Dressage, Team","Silver",0,0.5,"Mixed"
"123",30918,"Phillip Peter Dutton","M",32,168,68,"Australia","AUS","1996 Summer",1996,"Summer","Atlanta","Equestrianism","Equestrianism  Three-Day Event, Team","Gold",1,-0.5,"Mixed"
"124",30918,"Phillip Peter Dutton","M",37,168,68,"Australia","AUS","2000 Summer",2000,"Summer","Sydney","Equestrianism","Equestrianism  Three-Day Event, Team","Gold",1,-0.5,"Mixed"
"125",30918,"Phillip Peter Dutton","M",52,168,68,"United States","USA","2016 Summer",2016,"Summer","Rio de Janeiro","Equestrianism","Equestrianism  Three-Day Event, Individual","Bronze",0,-0.5,"Mixed"
"126",31296,"Fernando Echavarri Erasum","M",35,180,76,"Spain","ESP","2008 Summer",2008,"Summer","Beijing","Sailing","Sailing  Multihull","Gold",1,-0.5,"Mixed"
"127",31342,"Tiril Kampenhaug Eckhoff","F",23,163,59,"Norway","NOR","2014 Winter",2014,"Winter","Sochi","Biathlon","Biathlon  2 x 6 kilometres and 2 x 7.5 kilometres Relay","Gold",1,0.5,"Mixed"
"128",31641,"Marcus Ehning","M",26,168,64,"Germany","GER","2000 Summer",2000,"Summer","Sydney","Equestrianism","Equestrianism  Jumping, Team","Gold",1,-0.5,"Mixed"
"129",31778,"Lloyd Edgar Eisler, Jr.","M",30,180,81,"Canada-1","CAN","1994 Winter",1994,"Winter","Lillehammer","Figure Skating","Figure Skating  Pairs","Bronze",0,-0.5,"Mixed"
"130",32518,"Gail Elizabeth Emms","F",27,162,61,"Great Britain-1","GBR","2004 Summer",2004,"Summer","Athina","Badminton","Badminton  Doubles","Silver",0,0.5,"Mixed"
"131",32932,"Jens Dyrlv Eriksen","M",34,191,83,"Denmark-2","DEN","2004 Summer",2004,"Summer","Athina","Badminton","Badminton  Doubles","Bronze",0,-0.5,"Mixed"
"132",32988,"Ulf Peter Tobias Eriksson","M",44,176,66,"Sweden","SWE","2004 Summer",2004,"Summer","Athina","Equestrianism","Equestrianism  Jumping, Team","Silver",0,-0.5,"Mixed"
"133",33212,"Carlos Mauricio Espnola Lorenzo","M",32,175,72,"Argentina","ARG","2004 Summer",2004,"Summer","Athina","Sailing","Sailing  Multihull","Bronze",0,-0.5,"Mixed"
"134",33212,"Carlos Mauricio Espnola Lorenzo","M",36,175,72,"Argentina","ARG","2008 Summer",2008,"Summer","Beijing","Sailing","Sailing  Multihull","Bronze",0,-0.5,"Mixed"
"135",34164,"Kent Farrington","M",35,173,66,"United States","USA","2016 Summer",2016,"Summer","Rio de Janeiro","Equestrianism","Equestrianism  Jumping, Team","Silver",0,-0.5,"Mixed"
"136",34887,"Xabier Fernndez Gaztaaga","M",27,181,81,"Spain","ESP","2004 Summer",2004,"Summer","Athina","Sailing","Sailing  Skiff","Gold",1,-0.5,"Mixed"
"137",34887,"Xabier Fernndez Gaztaaga","M",31,181,81,"Spain","ESP","2008 Summer",2008,"Summer","Beijing","Sailing","Sailing  Skiff","Silver",0,-0.5,"Mixed"
"138",34995,"Marcelo Bastos Ferreira","M",30,181,104,"Brazil","BRA","1996 Summer",1996,"Summer","Atlanta","Sailing","Sailing  Two Person Keelboat","Gold",1,-0.5,"Mixed"
"139",34995,"Marcelo Bastos Ferreira","M",34,181,104,"Brazil","BRA","2000 Summer",2000,"Summer","Sydney","Sailing","Sailing  Two Person Keelboat","Bronze",0,-0.5,"Mixed"
"140",35027,"Beatriz Ferrer-Salat Serra de Migui","F",38,176,58,"Spain","ESP","2004 Summer",2004,"Summer","Athina","Equestrianism","Equestrianism  Dressage, Individual","Bronze",0,0.5,"Mixed"
"141",35027,"Beatriz Ferrer-Salat Serra de Migui","F",38,176,58,"Spain","ESP","2004 Summer",2004,"Summer","Athina","Equestrianism","Equestrianism  Dressage, Team","Silver",0,0.5,"Mixed"
"142",35691,"Thomas Flach","M",40,186,95,"Germany","GER","1996 Summer",1996,"Summer","Atlanta","Sailing","Sailing  Three Person Keelboat","Gold",1,-0.5,"Mixed"
"143",35893,"Guillaume Florent","M",34,189,95,"France","FRA","2008 Summer",2008,"Summer","Beijing","Sailing","Sailing  One Person Dinghy","Bronze",0,-0.5,"Mixed"
"144",35949,"Andr Florschtz","M",29,183,83,"Germany-1","GER","2006 Winter",2006,"Winter","Torino","Luge","Luge  (Men)'s Doubles","Silver",0,-0.5,"Mixed"
"145",36208,"John Robert Forbes","M",30,181,78,"Australia","AUS","2000 Summer",2000,"Summer","Sydney","Sailing","Sailing  Multihull","Silver",0,-0.5,"Mixed"
"146",36545,"Nina Fout","F",41,173,66,"United States","USA","2000 Summer",2000,"Summer","Sydney","Equestrianism","Equestrianism  Three-Day Event, Team","Bronze",0,0.5,"Mixed"
"147",36580,"William Speed Lane Fox-Pitt","M",35,196,80,"Great Britain","GBR","2004 Summer",2004,"Summer","Athina","Equestrianism","Equestrianism  Three-Day Event, Team","Silver",0,-0.5,"Mixed"
"148",36580,"William Speed Lane Fox-Pitt","M",39,196,80,"Great Britain","GBR","2008 Summer",2008,"Summer","Beijing","Equestrianism","Equestrianism  Three-Day Event, Team","Bronze",0,-0.5,"Mixed"
"149",36580,"William Speed Lane Fox-Pitt","M",43,196,80,"Great Britain","GBR","2012 Summer",2012,"Summer","London","Equestrianism","Equestrianism  Three-Day Event, Team","Silver",0,-0.5,"Mixed"
"150",36763,"Tanja Chiara Frank","F",23,167,57,"Austria","AUT","2016 Summer",2016,"Summer","Rio de Janeiro","Sailing","Sailing  Multihull","Bronze",0,0.5,"Mixed"
"151",36931,"Clayton Fredericks","M",40,185,87,"Australia","AUS","2008 Summer",2008,"Summer","Beijing","Equestrianism","Equestrianism  Three-Day Event, Team","Silver",0,-0.5,"Mixed"
"152",36935,"Lucinda Fredericks (Murray-)","F",42,180,62,"Australia","AUS","2008 Summer",2008,"Summer","Beijing","Equestrianism","Equestrianism  Three-Day Event, Team","Silver",0,0.5,"Mixed"
"153",36954,"Carl Peder Fredricson","M",32,189,80,"Sweden","SWE","2004 Summer",2004,"Summer","Athina","Equestrianism","Equestrianism  Jumping, Team","Silver",0,-0.5,"Mixed"
"154",36954,"Carl Peder Fredricson","M",44,189,80,"Sweden","SWE","2016 Summer",2016,"Summer","Rio de Janeiro","Equestrianism","Equestrianism  Jumping, Individual","Silver",0,-0.5,"Mixed"
"155",37417,"Markus Fuchs","M",45,168,73,"Switzerland","SUI","2000 Summer",2000,"Summer","Sydney","Equestrianism","Equestrianism  Jumping, Team","Silver",0,-0.5,"Mixed"
"156",37646,"Philippa Rachel ""Pippa"" Funnell (Nolan-)","F",31,168,68,"Great Britain","GBR","2000 Summer",2000,"Summer","Sydney","Equestrianism","Equestrianism  Three-Day Event, Team","Silver",0,0.5,"Mixed"
"157",37646,"Philippa Rachel ""Pippa"" Funnell (Nolan-)","F",35,168,68,"Great Britain","GBR","2004 Summer",2004,"Summer","Athina","Equestrianism","Equestrianism  Three-Day Event, Individual","Bronze",0,0.5,"Mixed"
"158",37646,"Philippa Rachel ""Pippa"" Funnell (Nolan-)","F",35,168,68,"Great Britain","GBR","2004 Summer",2004,"Summer","Athina","Equestrianism","Equestrianism  Three-Day Event, Team","Silver",0,0.5,"Mixed"
"159",37719,"Barbara Fusar Poli","F",30,168,51,"Italy-1","ITA","2002 Winter",2002,"Winter","Salt Lake City","Figure Skating","Figure Skating  Ice Dancing","Bronze",0,0.5,"Mixed"
"160",37788,"Roland Gbler","M",35,182,76,"Germany","GER","2000 Summer",2000,"Summer","Sydney","Sailing","Sailing  Multihull","Bronze",0,-0.5,"Mixed"
"161",37972,"Edwin Johannes ""Edward"" Gal","M",42,182,72,"Netherlands","NED","2012 Summer",2012,"Summer","London","Equestrianism","Equestrianism  Dressage, Team","Bronze",0,-0.5,"Mixed"
"162",38414,"Gao Ling","F",21,169,61,"China-2","CHN","2000 Summer",2000,"Summer","Sydney","Badminton","Badminton  Doubles","Gold",1,0.5,"Mixed"
"163",38414,"Gao Ling","F",25,169,61,"China-2","CHN","2004 Summer",2004,"Summer","Athina","Badminton","Badminton  Doubles","Gold",1,0.5,"Mixed"
"164",39377,"Natalie Geisenberger","F",26,183,76,"Germany","GER","2014 Winter",2014,"Winter","Sochi","Luge","Luge  Team Relay","Gold",1,0.5,"Mixed"
"165",39757,"Andreas Geritzer","M",26,182,82,"Austria","AUT","2004 Summer",2004,"Summer","Athina","Sailing","Sailing  One Person Dinghy","Silver",0,-0.5,"Mixed"
"166",40289,"David James Giles","M",31,183,106,"Australia","AUS","1996 Summer",1996,"Summer","Atlanta","Sailing","Sailing  Two Person Keelboat","Bronze",0,-0.5,"Mixed"
"167",41058,"Goh Liu Ying","F",27,166,56,"Malaysia","MAS","2016 Summer",2016,"Summer","Rio de Janeiro","Badminton","Badminton  Doubles","Silver",0,0.5,"Mixed"
"168",41104,"Grace Elizabeth ""Gracie"" Gold","F",18,165,54,"United States","USA","2014 Winter",2014,"Winter","Sochi","Figure Skating","Figure Skating  Team","Bronze",0,0.5,"Mixed"
"169",42226,"Lars Schmidt Grael","M",32,185,80,"Brazil","BRA","1996 Summer",1996,"Summer","Atlanta","Sailing","Sailing  Multihull","Bronze",0,-0.5,"Mixed"
"170",42229,"Torben Schmidt Grael","M",35,185,88,"Brazil","BRA","1996 Summer",1996,"Summer","Atlanta","Sailing","Sailing  Two Person Keelboat","Gold",1,-0.5,"Mixed"
"171",42229,"Torben Schmidt Grael","M",40,185,88,"Brazil","BRA","2000 Summer",2000,"Summer","Sydney","Sailing","Sailing  Two Person Keelboat","Bronze",0,-0.5,"Mixed"
"172",42506,"Laura Graves","F",29,173,55,"United States","USA","2016 Summer",2016,"Summer","Rio de Janeiro","Equestrianism","Equestrianism  Dressage, Team","Bronze",0,0.5,"Mixed"
"173",42887,"Sam Griffiths","M",44,171,73,"Australia","AUS","2016 Summer",2016,"Summer","Rio de Janeiro","Equestrianism","Equestrianism  Three-Day Event, Team","Bronze",0,-0.5,"Mixed"
"174",42981,"Mark R. Grimmette","M",27,185,90,"United States-2","USA","1998 Winter",1998,"Winter","Nagano","Luge","Luge  (Men)'s Doubles","Bronze",0,-0.5,"Mixed"
"175",42981,"Mark R. Grimmette","M",31,185,90,"United States-2","USA","2002 Winter",2002,"Winter","Salt Lake City","Luge","Luge  (Men)'s Doubles","Silver",0,-0.5,"Mixed"
"176",43004,"Sergey Mikhaylovich Grinkov","M",27,183,74,"Russia-1","RUS","1994 Winter",1994,"Winter","Lillehammer","Figure Skating","Figure Skating  Pairs","Gold",1,-0.5,"Mixed"
"177",43025,"Oksana Vladimirovna ""Pasha"" Grishchuk","F",22,164,50,"Russia-1","RUS","1994 Winter",1994,"Winter","Lillehammer","Figure Skating","Figure Skating  Ice Dancing","Gold",1,0.5,"Mixed"
"178",43025,"Oksana Vladimirovna ""Pasha"" Grishchuk","F",26,164,50,"Russia-1","RUS","1998 Winter",1998,"Winter","Nagano","Figure Skating","Figure Skating  Ice Dancing","Gold",1,0.5,"Mixed"
"179",43558,"Steve Guerdat","M",26,182,70,"Switzerland","SUI","2008 Summer",2008,"Summer","Beijing","Equestrianism","Equestrianism  Jumping, Team","Bronze",0,-0.5,"Mixed"
"180",43558,"Steve Guerdat","M",30,182,70,"Switzerland","SUI","2012 Summer",2012,"Summer","London","Equestrianism","Equestrianism  Jumping, Individual","Gold",1,-0.5,"Mixed"
"181",44687,"Roman Hagara","M",34,171,68,"Austria","AUT","2000 Summer",2000,"Summer","Sydney","Sailing","Sailing  Multihull","Gold",1,-0.5,"Mixed"
"182",44687,"Roman Hagara","M",38,171,68,"Austria","AUT","2004 Summer",2004,"Summer","Athina","Sailing","Sailing  Multihull","Gold",1,-0.5,"Mixed"
"183",46371,"Trikus Haryanto","M",26,167,60,"Indonesia-1","INA","2000 Summer",2000,"Summer","Sydney","Badminton","Badminton  Doubles","Silver",0,-0.5,"Mixed"
"184",46413,"Oswald Haselrieder","M",34,178,71,"Italy-1","ITA","2006 Winter",2006,"Winter","Torino","Luge","Luge  (Men)'s Doubles","Bronze",0,-0.5,"Mixed"
"185",46924,"He Hanbin","M",22,180,80,"China-1","CHN","2008 Summer",2008,"Summer","Beijing","Badminton","Badminton  Doubles","Bronze",0,-0.5,"Mixed"
"186",47406,"Lars Andreas Helgstrand","M",30,183,67,"Don Schufro","DEN","2008 Summer",2008,"Summer","Beijing","Equestrianism","Equestrianism  Dressage, Team","Bronze",0,-0.5,"Mixed"
"187",47768,"Gillian ""Jill"" Henselwood","F",45,168,56,"Canada","CAN","2008 Summer",2008,"Summer","Beijing","Equestrianism","Equestrianism  Jumping, Team","Silver",0,0.5,"Mixed"
"188",48283,"Carl Rupert Hester","M",45,182,86,"Great Britain","GBR","2012 Summer",2012,"Summer","London","Equestrianism","Equestrianism  Dressage, Team","Gold",1,-0.5,"Mixed"
"189",48283,"Carl Rupert Hester","M",49,182,86,"Great Britain","GBR","2016 Summer",2016,"Summer","Rio de Janeiro","Equestrianism","Equestrianism  Dressage, Team","Silver",0,-0.5,"Mixed"
"190",48847,"Simon John Hiscocks","M",27,183,80,"Great Britain","GBR","2000 Summer",2000,"Summer","Sydney","Sailing","Sailing  Skiff","Silver",0,-0.5,"Mixed"
"191",48847,"Simon John Hiscocks","M",31,183,80,"Great Britain","GBR","2004 Summer",2004,"Summer","Athina","Sailing","Sailing  Skiff","Bronze",0,-0.5,"Mixed"
"192",49094,"Lukas Hofer","M",24,175,62,"Italy","ITA","2014 Winter",2014,"Winter","Sochi","Biathlon","Biathlon  2 x 6 kilometres and 2 x 7.5 kilometres Relay","Bronze",0,-0.5,"Mixed"
"193",49684,"Ruslan Mykolaiovych Honcharov","M",33,185,78,"Ukraine-1","UKR","2006 Winter",2006,"Winter","Torino","Figure Skating","Figure Skating  Ice Dancing","Bronze",0,-0.5,"Mixed"
"194",50277,"Marc Francis Houtzager","M",41,192,85,"Netherlands","NED","2012 Summer",2012,"Summer","London","Equestrianism","Equestrianism  Jumping, Team","Silver",0,-0.5,"Mixed"
"195",50382,"Andrew James Hoy","M",37,172,63,"Australia","AUS","1996 Summer",1996,"Summer","Atlanta","Equestrianism","Equestrianism  Three-Day Event, Team","Gold",1,-0.5,"Mixed"
"196",50382,"Andrew James Hoy","M",41,172,63,"Australia","AUS","2000 Summer",2000,"Summer","Sydney","Equestrianism","Equestrianism  Three-Day Event, Individual","Silver",0,-0.5,"Mixed"
"197",50382,"Andrew James Hoy","M",41,172,63,"Australia","AUS","2000 Summer",2000,"Summer","Sydney","Equestrianism","Equestrianism  Three-Day Event, Team","Gold",1,-0.5,"Mixed"
"198",50439,"Lucie Hradeck","F",31,177,72,"Czech Republic","CZE","2016 Summer",2016,"Summer","Rio de Janeiro","Tennis","Tennis  Doubles","Bronze",0,0.5,"Mixed"
"199",50501,"Olena Eduardivna Hrushyna (-Honcharova-)","F",31,168,52,"Ukraine-1","UKR","2006 Winter",2006,"Winter","Torino","Figure Skating","Figure Skating  Ice Dancing","Bronze",0,0.5,"Mixed"
"200",50717,"Norbert Huber","M",29,173,76,"Italy-2","ITA","1994 Winter",1994,"Winter","Lillehammer","Luge","Luge  (Men)'s Doubles","Silver",0,-0.5,"Mixed"
"201",50732,"Wilfried ""Willy"" Huber","M",23,172,76,"Italy-1","ITA","1994 Winter",1994,"Winter","Lillehammer","Luge","Luge  (Men)'s Doubles","Gold",1,-0.5,"Mixed"
"202",51059,"Sharon Ann Hunt","F",30,180,63,"Great Britain","GBR","2008 Summer",2008,"Summer","Beijing","Equestrianism","Equestrianism  Three-Day Event, Team","Bronze",0,0.5,"Mixed"
"203",52871,"Tatyana Ivanovna Ivanova","F",22,173,70,"Russia","RUS","2014 Winter",2014,"Winter","Sochi","Luge","Luge  Team Relay","Silver",0,0.5,"Mixed"
"204",52916,"James ""Clay"" Ives","M",29,175,80,"United States-1","USA","2002 Winter",2002,"Winter","Salt Lake City","Luge","Luge  (Men)'s Doubles","Bronze",0,-0.5,"Mixed"
"205",53220,"Thomas Jacobsen","M",28,194,90,"Denmark","DEN","2000 Summer",2000,"Summer","Sydney","Sailing","Sailing  Three Person Keelboat","Gold",1,-0.5,"Mixed"
"206",53376,"Bernd Jkel","M",42,179,89,"Germany","GER","1996 Summer",1996,"Summer","Atlanta","Sailing","Sailing  Three Person Keelboat","Gold",1,-0.5,"Mixed"
"207",53954,"Jyrki Heikki Jrvi","M",34,188,78,"Finland","FIN","2000 Summer",2000,"Summer","Sydney","Sailing","Sailing  Skiff","Gold",1,-0.5,"Mixed"
"208",54157,"Vaughn Fraser Jefferis","M",35,177,70,"New Zealand","NZL","1996 Summer",1996,"Summer","Atlanta","Equestrianism","Equestrianism  Three-Day Event, Team","Bronze",0,-0.5,"Mixed"
"209",54460,"Anne Jensen-van Olst","F",46,184,70,"Clearwater","DEN","2008 Summer",2008,"Summer","Beijing","Equestrianism","Equestrianism  Dressage, Team","Bronze",0,0.5,"Mixed"
"210",54849,"Juan Antonio Jimnez Cobo","M",45,178,70,"Spain","ESP","2004 Summer",2004,"Summer","Athina","Equestrianism","Equestrianism  Dressage, Team","Silver",0,-0.5,"Mixed"
"211",55077,"Herman Horn Johannessen","M",36,174,72,"Norway","NOR","2000 Summer",2000,"Summer","Sydney","Sailing","Sailing  Three Person Keelboat","Bronze",0,-0.5,"Mixed"
"212",55088,"Andr Bier Johannpeter","M",33,178,78,"Brazil","BRA","1996 Summer",1996,"Summer","Atlanta","Equestrianism","Equestrianism  Jumping, Team","Bronze",0,-0.5,"Mixed"
"213",55088,"Andr Bier Johannpeter","M",37,178,78,"Brazil","BRA","2000 Summer",2000,"Summer","Sydney","Equestrianism","Equestrianism  Jumping, Team","Bronze",0,-0.5,"Mixed"
"214",55142,"Thomas Mark Mikael Johanson","M",31,181,75,"Finland","FIN","2000 Summer",2000,"Summer","Sydney","Sailing","Sailing  Skiff","Gold",1,-0.5,"Mixed"
"215",55460,"Sonja Johnson","F",40,162,60,"Australia","AUS","2008 Summer",2008,"Summer","Beijing","Equestrianism","Equestrianism  Three-Day Event, Team","Silver",0,0.5,"Mixed"
"216",55705,"Megan Victoria Jones","F",31,167,60,"Australia","AUS","2008 Summer",2008,"Summer","Beijing","Equestrianism","Equestrianism  Three-Day Event, Team","Silver",0,0.5,"Mixed"
"217",56298,"Michael Jung","M",29,168,70,"Germany","GER","2012 Summer",2012,"Summer","London","Equestrianism","Equestrianism  Three-Day Event, Individual","Gold",1,-0.5,"Mixed"
"218",56298,"Michael Jung","M",29,168,70,"Germany","GER","2012 Summer",2012,"Summer","London","Equestrianism","Equestrianism  Three-Day Event, Team","Gold",1,-0.5,"Mixed"
"219",56298,"Michael Jung","M",34,168,70,"Germany","GER","2016 Summer",2016,"Summer","Rio de Janeiro","Equestrianism","Equestrianism  Three-Day Event, Individual","Gold",1,-0.5,"Mixed"
"220",56298,"Michael Jung","M",34,168,70,"Germany","GER","2016 Summer",2016,"Summer","Rio de Janeiro","Equestrianism","Equestrianism  Three-Day Event, Team","Silver",0,-0.5,"Mixed"
"221",57357,"Chris Kappler","M",37,190,72,"United States","USA","2004 Summer",2004,"Summer","Athina","Equestrianism","Equestrianism  Jumping, Individual","Silver",0,-0.5,"Mixed"
"222",57357,"Chris Kappler","M",37,190,72,"United States","USA","2004 Summer",2004,"Summer","Athina","Equestrianism","Equestrianism  Jumping, Team","Gold",1,-0.5,"Mixed"
"223",58265,"Oksana Borisovna Kazakova","F",22,158,48,"Russia-1","RUS","1998 Winter",1998,"Winter","Nagano","Figure Skating","Figure Skating  Pairs","Gold",1,0.5,"Mixed"
"224",58624,"Heike Kemmer","F",42,172,63,"Germany","GER","2004 Summer",2004,"Summer","Athina","Equestrianism","Equestrianism  Dressage, Team","Gold",1,0.5,"Mixed"
"225",58624,"Heike Kemmer","F",46,172,63,"Germany","GER","2008 Summer",2008,"Summer","Beijing","Equestrianism","Equestrianism  Dressage, Individual","Bronze",0,0.5,"Mixed"
"226",58624,"Heike Kemmer","F",46,172,63,"Bonaparte","GER","2008 Summer",2008,"Summer","Beijing","Equestrianism","Equestrianism  Dressage, Team","Gold",1,0.5,"Mixed"
"227",59848,"Kim Dong-Mun","M",20,184,74,"South Korea-1","KOR","1996 Summer",1996,"Summer","Atlanta","Badminton","Badminton  Doubles","Gold",1,-0.5,"Mixed"
"228",60670,"Ulrich Gnter Hermann ""Uli"" Kirchhoff","M",28,190,86,"Germany","GER","1996 Summer",1996,"Summer","Atlanta","Equestrianism","Equestrianism  Jumping, Individual","Gold",1,-0.5,"Mixed"
"229",60670,"Ulrich Gnter Hermann ""Uli"" Kirchhoff","M",28,190,86,"Germany","GER","1996 Summer",1996,"Summer","Atlanta","Equestrianism","Equestrianism  Jumping, Team","Gold",1,-0.5,"Mixed"
"230",60730,"Martin Kirketerp Ibsen","M",26,188,80,"Denmark","DEN","2008 Summer",2008,"Summer","Beijing","Sailing","Sailing  Skiff","Gold",1,-0.5,"Mixed"
"231",61256,"Ingrid Klimke (-Busacker)","F",40,172,58,"Germany","GER","2008 Summer",2008,"Summer","Beijing","Equestrianism","Equestrianism  Three-Day Event, Team","Gold",1,0.5,"Mixed"
"232",61256,"Ingrid Klimke (-Busacker)","F",44,172,58,"Germany","GER","2012 Summer",2012,"Summer","London","Equestrianism","Equestrianism  Three-Day Event, Team","Gold",1,0.5,"Mixed"
"233",61256,"Ingrid Klimke (-Busacker)","F",48,172,58,"Germany","GER","2016 Summer",2016,"Summer","Rio de Janeiro","Equestrianism","Equestrianism  Three-Day Event, Team","Silver",0,0.5,"Mixed"
"234",63132,"Roman Sergeyevich Kostomarov","M",29,183,79,"Russia-1","RUS","2006 Winter",2006,"Winter","Torino","Figure Skating","Figure Skating  Ice Dancing","Gold",1,-0.5,"Mixed"
"235",63681,"Julia Krajewski","F",27,168,65,"Germany","GER","2016 Summer",2016,"Summer","Rio de Janeiro","Equestrianism","Equestrianism  Three-Day Event, Team","Silver",0,0.5,"Mixed"
"236",63859,"Stefan Kraue","M",26,186,90,"Germany-1","GER","1994 Winter",1994,"Winter","Lillehammer","Luge","Luge  (Men)'s Doubles","Bronze",0,-0.5,"Mixed"
"237",63859,"Stefan Kraue","M",30,186,90,"Germany-1","GER","1998 Winter",1998,"Winter","Nagano","Luge","Luge  (Men)'s Doubles","Gold",1,-0.5,"Mixed"
"238",63868,"Laura Kraut (Kent-)","F",42,168,58,"United States","USA","2008 Summer",2008,"Summer","Beijing","Equestrianism","Equestrianism  Jumping, Team","Gold",1,0.5,"Mixed"
"239",64430,"Anzhelika Alekseyevna Krylova","F",24,171,56,"Russia-2","RUS","1998 Winter",1998,"Winter","Nagano","Figure Skating","Figure Skating  Ice Dancing","Silver",0,0.5,"Mixed"
"240",65188,"Anne Kindig Kursinski","F",37,168,56,"United States","USA","1996 Summer",1996,"Summer","Atlanta","Equestrianism","Equestrianism  Jumping, Team","Silver",0,0.5,"Mixed"
"241",65287,"Marco Kutscher","M",29,187,75,"Germany","GER","2004 Summer",2004,"Summer","Athina","Equestrianism","Equestrianism  Jumping, Individual","Bronze",0,-0.5,"Mixed"
"242",65287,"Marco Kutscher","M",29,187,75,"Germany","GER","2004 Summer",2004,"Summer","Athina","Equestrianism","Equestrianism  Jumping, Team","Bronze",0,-0.5,"Mixed"
"243",65878,"Karim Florent Laghouag","M",40,177,70,"France","FRA","2016 Summer",2016,"Summer","Rio de Janeiro","Equestrianism","Equestrianism  Three-Day Event, Team","Gold",1,-0.5,"Mixed"
"244",66123,"Eric Lamaze","M",40,170,65,"Canada","CAN","2008 Summer",2008,"Summer","Beijing","Equestrianism","Equestrianism  Jumping, Individual","Gold",1,-0.5,"Mixed"
"245",66123,"Eric Lamaze","M",40,170,65,"Canada","CAN","2008 Summer",2008,"Summer","Beijing","Equestrianism","Equestrianism  Jumping, Team","Silver",0,-0.5,"Mixed"
"246",66123,"Eric Lamaze","M",48,170,65,"Canada","CAN","2016 Summer",2016,"Summer","Rio de Janeiro","Equestrianism","Equestrianism  Jumping, Individual","Bronze",0,-0.5,"Mixed"
"247",66300,"Andrew Landenberger","M",29,182,73,"Australia","AUS","1996 Summer",1996,"Summer","Atlanta","Sailing","Sailing  Multihull","Silver",0,-0.5,"Mixed"
"248",66437,"Santiago Ral Lange Roberti","M",42,184,73,"Argentina","ARG","2004 Summer",2004,"Summer","Athina","Sailing","Sailing  Multihull","Bronze",0,-0.5,"Mixed"
"249",66437,"Santiago Ral Lange Roberti","M",46,184,73,"Argentina","ARG","2008 Summer",2008,"Summer","Beijing","Sailing","Sailing  Multihull","Bronze",0,-0.5,"Mixed"
"250",66437,"Santiago Ral Lange Roberti","M",54,184,73,"Argentina","ARG","2016 Summer",2016,"Summer","Rio de Janeiro","Sailing","Sailing  Multihull","Gold",1,-0.5,"Mixed"
"251",66444,"Helen Langehanenberg","F",30,164,48,"Germany","GER","2012 Summer",2012,"Summer","London","Equestrianism","Equestrianism  Dressage, Team","Silver",0,0.5,"Mixed"
"252",67283,"Leslie Francis Law","M",35,183,74,"Great Britain","GBR","2000 Summer",2000,"Summer","Sydney","Equestrianism","Equestrianism  Three-Day Event, Team","Silver",0,-0.5,"Mixed"
"253",67283,"Leslie Francis Law","M",39,183,74,"Great Britain","GBR","2004 Summer",2004,"Summer","Athina","Equestrianism","Equestrianism  Three-Day Event, Individual","Gold",1,-0.5,"Mixed"
"254",67283,"Leslie Francis Law","M",39,183,74,"Great Britain","GBR","2004 Summer",2004,"Summer","Athina","Equestrianism","Equestrianism  Three-Day Event, Team","Silver",0,-0.5,"Mixed"
"255",67749,"Alexandra Ledermann","F",27,171,57,"France","FRA","1996 Summer",1996,"Summer","Atlanta","Equestrianism","Equestrianism  Jumping, Individual","Bronze",0,0.5,"Mixed"
"256",67958,"Lee Hyo-Jeong","F",27,181,74,"South Korea-1","KOR","2008 Summer",2008,"Summer","Beijing","Badminton","Badminton  Doubles","Gold",1,0.5,"Mixed"
"257",68209,"Lee Yong-Dae","M",19,180,74,"South Korea-1","KOR","2008 Summer",2008,"Summer","Beijing","Badminton","Badminton  Doubles","Gold",1,-0.5,"Mixed"
"258",68551,"Patric-Fritz Leitner","M",24,189,88,"Germany-2","GER","2002 Winter",2002,"Winter","Salt Lake City","Luge","Luge  (Men)'s Doubles","Gold",1,-0.5,"Mixed"
"259",68551,"Patric-Fritz Leitner","M",32,189,88,"Germany-2","GER","2010 Winter",2010,"Winter","Vancouver","Luge","Luge  (Men)'s Doubles","Bronze",0,-0.5,"Mixed"
"260",68658,"Mathieu Lemoine","M",32,176,70,"France","FRA","2016 Summer",2016,"Summer","Rio de Janeiro","Equestrianism","Equestrianism  Three-Day Event, Team","Gold",1,-0.5,"Mixed"
"261",68693,"Karen Lende O'Connor","F",38,168,55,"United States","USA","1996 Summer",1996,"Summer","Atlanta","Equestrianism","Equestrianism  Three-Day Event, Team","Silver",0,0.5,"Mixed"
"262",68693,"Karen Lende O'Connor","F",42,168,55,"United States","USA","2000 Summer",2000,"Summer","Sydney","Equestrianism","Equestrianism  Three-Day Event, Team","Bronze",0,0.5,"Mixed"
"263",68766,"Fernando Lon Boissier","M",30,180,72,"Spain","ESP","1996 Summer",1996,"Summer","Atlanta","Sailing","Sailing  Multihull","Gold",1,-0.5,"Mixed"
"264",68794,"Heorhiy Ihorovych Leonchuk","M",30,193,82,"Ukraine","UKR","2004 Summer",2004,"Summer","Athina","Sailing","Sailing  Skiff","Silver",0,-0.5,"Mixed"
"265",68878,"Pnlope Leprvost","F",36,175,55,"France","FRA","2016 Summer",2016,"Summer","Rio de Janeiro","Equestrianism","Equestrianism  Jumping, Team","Gold",1,0.5,"Mixed"
"266",69734,"Christina Liebherr","F",29,171,60,"Switzerland","SUI","2008 Summer",2008,"Summer","Beijing","Equestrianism","Equestrianism  Jumping, Team","Bronze",0,0.5,"Mixed"
"267",69865,"Magnus Liljedahl","M",46,187,113,"United States","USA","2000 Summer",2000,"Summer","Sydney","Sailing","Sailing  Two Person Keelboat","Gold",1,-0.5,"Mixed"
"268",70312,"Andreas Linger","M",24,184,85,"Austria-1","AUT","2006 Winter",2006,"Winter","Torino","Luge","Luge  (Men)'s Doubles","Gold",1,-0.5,"Mixed"
"269",70312,"Andreas Linger","M",28,184,85,"Austria-1","AUT","2010 Winter",2010,"Winter","Vancouver","Luge","Luge  (Men)'s Doubles","Gold",1,-0.5,"Mixed"
"270",70312,"Andreas Linger","M",32,184,85,"Austria-1","AUT","2014 Winter",2014,"Winter","Sochi","Luge","Luge  (Men)'s Doubles","Silver",0,-0.5,"Mixed"
"271",70313,"Wolfgang Linger","M",23,177,75,"Austria-1","AUT","2006 Winter",2006,"Winter","Torino","Luge","Luge  (Men)'s Doubles","Gold",1,-0.5,"Mixed"
"272",70313,"Wolfgang Linger","M",27,177,75,"Austria-1","AUT","2010 Winter",2010,"Winter","Vancouver","Luge","Luge  (Men)'s Doubles","Gold",1,-0.5,"Mixed"
"273",70313,"Wolfgang Linger","M",31,177,75,"Austria-1","AUT","2014 Winter",2014,"Winter","Sochi","Luge","Luge  (Men)'s Doubles","Silver",0,-0.5,"Mixed"
"274",70595,"Liu Jianjun","M",27,179,68,"China-2","CHN","1996 Summer",1996,"Summer","Atlanta","Badminton","Badminton  Doubles","Bronze",0,-0.5,"Mixed"
"275",70902,"Irina Viktorovna Lobacheva (-Averbukh)","F",28,165,46,"Russia-1","RUS","2002 Winter",2002,"Winter","Salt Lake City","Figure Skating","Figure Skating  Ice Dancing","Silver",0,0.5,"Mixed"
"276",70950,"Felix Loch","M",24,190,90,"Germany","GER","2014 Winter",2014,"Winter","Sochi","Luge","Luge  Team Relay","Gold",1,-0.5,"Mixed"
"277",71085,"Bobby Roy Lohse","M",38,198,125,"Sweden","SWE","1996 Summer",1996,"Summer","Atlanta","Sailing","Sailing  Two Person Keelboat","Silver",0,-0.5,"Mixed"
"278",71744,"John Clay Lovell, III","M",36,170,77,"United States","USA","2004 Summer",2004,"Summer","Athina","Sailing","Sailing  Multihull","Silver",0,-0.5,"Mixed"
"279",72164,"Rodion Mykhailovych Luka","M",31,170,63,"Ukraine","UKR","2004 Summer",2004,"Summer","Athina","Sailing","Sailing  Skiff","Silver",0,-0.5,"Mixed"
"280",72592,"Cdric Vincent Simon Lyard","M",32,172,66,"France","FRA","2004 Summer",2004,"Summer","Athina","Equestrianism","Equestrianism  Three-Day Event, Team","Gold",1,-0.5,"Mixed"
"281",72726,"Ma Jin","F",24,167,58,"China-2","CHN","2012 Summer",2012,"Summer","London","Badminton","Badminton  Doubles","Silver",0,0.5,"Mixed"
"282",73175,"Elizabeth ""Beezie"" Madden (Patton-)","F",40,168,63,"United States","USA","2004 Summer",2004,"Summer","Athina","Equestrianism","Equestrianism  Jumping, Team","Gold",1,0.5,"Mixed"
"283",73175,"Elizabeth ""Beezie"" Madden (Patton-)","F",44,168,63,"United States","USA","2008 Summer",2008,"Summer","Beijing","Equestrianism","Equestrianism  Jumping, Individual","Bronze",0,0.5,"Mixed"
"284",73175,"Elizabeth ""Beezie"" Madden (Patton-)","F",44,168,63,"United States","USA","2008 Summer",2008,"Summer","Beijing","Equestrianism","Equestrianism  Jumping, Team","Gold",1,0.5,"Mixed"
"285",73175,"Elizabeth ""Beezie"" Madden (Patton-)","F",52,168,63,"United States","USA","2016 Summer",2016,"Summer","Rio de Janeiro","Equestrianism","Equestrianism  Jumping, Team","Silver",0,0.5,"Mixed"
"286",73243,"Geoffrey ""Jeff"" Madrigali","M",40,180,88,"United States","USA","1996 Summer",1996,"Summer","Atlanta","Sailing","Sailing  Three Person Keelboat","Bronze",0,-0.5,"Mixed"
"287",73528,"Benjamin Richard ""Ben"" Maher","M",29,183,68,"Great Britain","GBR","2012 Summer",2012,"Summer","London","Equestrianism","Equestrianism  Jumping, Team","Gold",1,-0.5,"Mixed"
"288",74351,"Beat Mndli","M",30,182,72,"Switzerland","SUI","2000 Summer",2000,"Summer","Sydney","Equestrianism","Equestrianism  Jumping, Team","Silver",0,-0.5,"Mixed"
"289",74945,"Maurizio Margaglio","M",27,178,71,"Italy-1","ITA","2002 Winter",2002,"Winter","Salt Lake City","Figure Skating","Figure Skating  Ice Dancing","Bronze",0,-0.5,"Mixed"
"290",75084,"Maksim Viktorovich Marinin","M",28,187,80,"Russia-1","RUS","2006 Winter",2006,"Winter","Torino","Figure Skating","Figure Skating  Pairs","Gold",1,-0.5,"Mixed"
"291",75540,"Brian Martin","M",24,173,77,"United States-2","USA","1998 Winter",1998,"Winter","Nagano","Luge","Luge  (Men)'s Doubles","Bronze",0,-0.5,"Mixed"
"292",75540,"Brian Martin","M",28,173,77,"United States-2","USA","2002 Winter",2002,"Winter","Salt Lake City","Luge","Luge  (Men)'s Doubles","Silver",0,-0.5,"Mixed"
"293",75740,"Iker Martnez de Lizarduy Lizarribar","M",27,173,70,"Spain","ESP","2004 Summer",2004,"Summer","Athina","Sailing","Sailing  Skiff","Gold",1,-0.5,"Mixed"
"294",75740,"Iker Martnez de Lizarduy Lizarribar","M",31,173,70,"Spain","ESP","2008 Summer",2008,"Summer","Beijing","Sailing","Sailing  Skiff","Silver",0,-0.5,"Mixed"
"295",76227,"Joseph Kent Massey","M",44,188,89,"United States","USA","1996 Summer",1996,"Summer","Atlanta","Sailing","Sailing  Three Person Keelboat","Bronze",0,-0.5,"Mixed"
"296",76644,"Bethanie Lynn Mattek-Sands","F",31,168,66,"United States-2","USA","2016 Summer",2016,"Summer","Rio de Janeiro","Tennis","Tennis  Doubles","Gold",1,0.5,"Mixed"
"297",76796,"Michael Ray Matz","M",45,180,75,"United States","USA","1996 Summer",1996,"Summer","Atlanta","Equestrianism","Equestrianism  Jumping, Team","Silver",0,-0.5,"Mixed"
"298",77457,"Deborah ""Debbie"" McDonald","F",49,152,49,"United States","USA","2004 Summer",2004,"Summer","Athina","Equestrianism","Equestrianism  Dressage, Team","Bronze",0,0.5,"Mixed"
"299",77670,"Charles ""Charlie"" McKee","M",38,179,79,"United States","USA","2000 Summer",2000,"Summer","Sydney","Sailing","Sailing  Skiff","Bronze",0,-0.5,"Mixed"
"300",77671,"Jonathan Dunn McKee","M",40,177,73,"United States","USA","2000 Summer",2000,"Summer","Sydney","Sailing","Sailing  Skiff","Bronze",0,-0.5,"Mixed"
"301",77904,"Lesley McNaught-Mndli","F",36,173,70,"Switzerland","SUI","2000 Summer",2000,"Summer","Sydney","Equestrianism","Equestrianism  Jumping, Team","Silver",0,0.5,"Mixed"
"302",78473,"Wilhelm ""Willi"" Melliger","M",42,170,73,"Switzerland","SUI","1996 Summer",1996,"Summer","Atlanta","Equestrianism","Equestrianism  Jumping, Individual","Silver",0,-0.5,"Mixed"
"303",78473,"Wilhelm ""Willi"" Melliger","M",47,170,73,"Switzerland","SUI","2000 Summer",2000,"Summer","Sydney","Equestrianism","Equestrianism  Jumping, Team","Silver",0,-0.5,"Mixed"
"304",79345,"Meredith T. Michaels-Beerbaum","F",46,162,51,"Germany","GER","2016 Summer",2016,"Summer","Rio de Janeiro","Equestrianism","Equestrianism  Jumping, Team","Bronze",0,0.5,"Mixed"
"305",79795,"Gina Miles","F",34,163,57,"United States","USA","2008 Summer",2008,"Summer","Beijing","Equestrianism","Equestrianism  Three-Day Event, Individual","Silver",0,0.5,"Mixed"
"306",79855,"Ian Millar","M",61,185,76,"Canada","CAN","2008 Summer",2008,"Summer","Beijing","Equestrianism","Equestrianism  Jumping, Team","Silver",0,-0.5,"Mixed"
"307",80134,"Hans Peter Francois Minderhoud","M",34,190,75,"Nadine","NED","2008 Summer",2008,"Summer","Beijing","Equestrianism","Equestrianism  Dressage, Team","Silver",0,-0.5,"Mixed"
"308",80274,"Maksim Nikolayevich ""Max"" Mirnyi","M",35,196,90,"Belarus","BLR","2012 Summer",2012,"Summer","London","Tennis","Tennis  Doubles","Gold",1,-0.5,"Mixed"
"309",80341,"Nataliya Yevgenyevna Mishkutyonok (-Shepherd, -Hainline)","F",23,159,50,"Russia-2","RUS","1994 Winter",1994,"Winter","Lillehammer","Figure Skating","Figure Skating  Pairs","Silver",0,0.5,"Mixed"
"310",80739,"Peer Moberg","M",25,180,94,"Norway","NOR","1996 Summer",1996,"Summer","Atlanta","Sailing","Sailing  One Person Dinghy","Bronze",0,-0.5,"Mixed"
"311",81017,"Scott Patrick Moir","M",22,168,75,"Canada-1","CAN","2010 Winter",2010,"Winter","Vancouver","Figure Skating","Figure Skating  Ice Dancing","Gold",1,-0.5,"Mixed"
"312",81017,"Scott Patrick Moir","M",26,168,75,"Canada-1","CAN","2014 Winter",2014,"Winter","Sochi","Figure Skating","Figure Skating  Ice Dancing","Silver",0,-0.5,"Mixed"
"313",81017,"Scott Patrick Moir","M",26,168,75,"Canada","CAN","2014 Winter",2014,"Winter","Sochi","Figure Skating","Figure Skating  Team","Silver",0,-0.5,"Mixed"
"314",81689,"Kirsten Moore-Towers","F",21,149,45,"Canada","CAN","2014 Winter",2014,"Winter","Sochi","Figure Skating","Figure Skating  Team","Silver",0,0.5,"Mixed"
"315",81846,"Ondej Moravec","M",29,181,72,"Czech Republic","CZE","2014 Winter",2014,"Winter","Sochi","Biathlon","Biathlon  2 x 6 kilometres and 2 x 7.5 kilometres Relay","Silver",0,-0.5,"Mixed"
"316",82381,"Dylan Moscovitch","M",29,177,78,"Canada","CAN","2014 Winter",2014,"Winter","Sochi","Figure Skating","Figure Skating  Team","Silver",0,-0.5,"Mixed"
"317",83558,"Andrew Barron ""Andy"" Murray","M",25,190,83,"Great Britain","GBR","2012 Summer",2012,"Summer","London","Tennis","Tennis  Doubles","Silver",0,-0.5,"Mixed"
"318",83962,"Na Gyeong-Min","F",19,175,65,"South Korea-2","KOR","1996 Summer",1996,"Summer","Atlanta","Badminton","Badminton  Doubles","Silver",0,0.5,"Mixed"
"319",84700,"Lilyana Natsir","F",22,169,62,"Indonesia-1","INA","2008 Summer",2008,"Summer","Beijing","Badminton","Badminton  Doubles","Silver",0,0.5,"Mixed"
"320",84700,"Lilyana Natsir","F",30,169,62,"Indonesia-1","INA","2016 Summer",2016,"Summer","Rio de Janeiro","Badminton","Badminton  Doubles","Gold",1,0.5,"Mixed"
"321",84796,"Tatyana Aleksandrovna Navka","F",30,170,52,"Russia-1","RUS","2006 Winter",2006,"Winter","Torino","Figure Skating","Figure Skating  Ice Dancing","Gold",1,0.5,"Mixed"
"322",85824,"Andrew Clifton Nicholson","M",34,182,78,"New Zealand","NZL","1996 Summer",1996,"Summer","Atlanta","Equestrianism","Equestrianism  Three-Day Event, Team","Bronze",0,-0.5,"Mixed"
"323",85824,"Andrew Clifton Nicholson","M",50,182,78,"New Zealand","NZL","2012 Summer",2012,"Summer","London","Equestrianism","Equestrianism  Three-Day Event, Team","Bronze",0,-0.5,"Mixed"
"324",85876,"Astier Nicolas","M",27,180,70,"France","FRA","2016 Summer",2016,"Summer","Rio de Janeiro","Equestrianism","Equestrianism  Three-Day Event, Individual","Silver",0,-0.5,"Mixed"
"325",85876,"Astier Nicolas","M",27,180,70,"France","FRA","2016 Summer",2016,"Summer","Rio de Janeiro","Equestrianism","Equestrianism  Three-Day Event, Team","Gold",1,-0.5,"Mixed"
"326",85908,"Lars Nieberg","M",32,183,78,"Germany","GER","1996 Summer",1996,"Summer","Atlanta","Equestrianism","Equestrianism  Jumping, Team","Gold",1,-0.5,"Mixed"
"327",85908,"Lars Nieberg","M",37,183,78,"Germany","GER","2000 Summer",2000,"Summer","Sydney","Equestrianism","Equestrianism  Jumping, Team","Gold",1,-0.5,"Mixed"
"328",85997,"Joachim Flemming Fischer Nielsen","M",33,188,78,"Denmark-1","DEN","2012 Summer",2012,"Summer","London","Badminton","Badminton  Doubles","Bronze",0,-0.5,"Mixed"
"329",87736,"Karin Oberhofer","F",28,165,58,"Italy","ITA","2014 Winter",2014,"Winter","Sochi","Biathlon","Biathlon  2 x 6 kilometres and 2 x 7.5 kilometres Relay","Bronze",0,0.5,"Mixed"
"330",87864,"Cian O'Connor","M",32,176,74,"Ireland","IRL","2012 Summer",2012,"Summer","London","Equestrianism","Equestrianism  Jumping, Individual","Bronze",0,-0.5,"Mixed"
"331",87869,"David O'Connor","M",34,180,77,"United States","USA","1996 Summer",1996,"Summer","Atlanta","Equestrianism","Equestrianism  Three-Day Event, Team","Silver",0,-0.5,"Mixed"
"332",87869,"David O'Connor","M",38,180,77,"United States","USA","2000 Summer",2000,"Summer","Sydney","Equestrianism","Equestrianism  Three-Day Event, Individual","Gold",1,-0.5,"Mixed"
"333",87869,"David O'Connor","M",38,180,77,"United States","USA","2000 Summer",2000,"Summer","Sydney","Equestrianism","Equestrianism  Three-Day Event, Team","Bronze",0,-0.5,"Mixed"
"334",88179,"Charles S. ""Charlie"" Ogletree","M",36,175,70,"United States","USA","2004 Summer",2004,"Summer","Athina","Sailing","Sailing  Multihull","Silver",0,-0.5,"Mixed"
"335",89787,"Kaetlyn Osmond","F",18,163,55,"Canada","CAN","2014 Winter",2014,"Winter","Sochi","Figure Skating","Figure Skating  Team","Silver",0,0.5,"Mixed"
"336",89849,"Frank Ostholt","M",32,188,79,"Germany","GER","2008 Summer",2008,"Summer","Beijing","Equestrianism","Equestrianism  Three-Day Event, Team","Gold",1,-0.5,"Mixed"
"337",90201,"Oleg Vladimirovich Ovsyannikov","M",28,184,75,"Russia-2","RUS","1998 Winter",1998,"Winter","Nagano","Figure Skating","Figure Skating  Ice Dancing","Silver",0,-0.5,"Mixed"
"338",90571,"Jonathan Paget","M",28,190,80,"New Zealand","NZL","2012 Summer",2012,"Summer","London","Equestrianism","Equestrianism  Three-Day Event, Team","Bronze",0,-0.5,"Mixed"
"339",91040,"Pang Qing","F",30,160,46,"China-2","CHN","2010 Winter",2010,"Winter","Vancouver","Figure Skating","Figure Skating  Pairs","Silver",0,0.5,"Mixed"
"340",91558,"Park Ju-Bong","M",31,182,68,"South Korea-2","KOR","1996 Summer",1996,"Summer","Atlanta","Badminton","Badminton  Doubles","Silver",0,-0.5,"Mixed"
"341",92436,"Antn Paz Blanco","M",31,175,71,"Spain","ESP","2008 Summer",2008,"Summer","Beijing","Sailing","Sailing  Multihull","Gold",1,-0.5,"Mixed"
"342",92580,"Hannes Peckolt","M",25,179,73,"Germany","GER","2008 Summer",2008,"Summer","Beijing","Sailing","Sailing  Skiff","Bronze",0,-0.5,"Mixed"
"343",92581,"Jan Peter Peckolt","M",27,184,74,"Germany","GER","2008 Summer",2008,"Summer","Beijing","Sailing","Sailing  Skiff","Bronze",0,-0.5,"Mixed"
"344",92618,"Christinna Pedersen","F",26,178,68,"Denmark-1","DEN","2012 Summer",2012,"Summer","London","Badminton","Badminton  Doubles","Bronze",0,0.5,"Mixed"
"345",92782,"Gwendal Peizerat","M",25,173,66,"France-1","FRA","1998 Winter",1998,"Winter","Nagano","Figure Skating","Figure Skating  Ice Dancing","Bronze",0,-0.5,"Mixed"
"346",92782,"Gwendal Peizerat","M",29,173,66,"France-1","FRA","2002 Winter",2002,"Winter","Salt Lake City","Figure Skating","Figure Skating  Ice Dancing","Gold",1,-0.5,"Mixed"
"347",92866,"David Jacques Pelletier","M",27,178,80,"Canada-1","CAN","2002 Winter",2002,"Winter","Salt Lake City","Figure Skating","Figure Skating  Pairs","Gold",1,-0.5,"Mixed"
"348",92872,"Henrique ""Kiko"" Pellicano","M",22,187,70,"Brazil","BRA","1996 Summer",1996,"Summer","Atlanta","Sailing","Sailing  Multihull","Bronze",0,-0.5,"Mixed"
"349",93605,"Kasey Perry-Glass","F",28,163,59,"United States","USA","2016 Summer",2016,"Summer","Rio de Janeiro","Equestrianism","Equestrianism  Dressage, Team","Bronze",0,0.5,"Mixed"
"350",93746,"Rodrigo de Paula Pessoa","M",23,177,67,"Brazil","BRA","1996 Summer",1996,"Summer","Atlanta","Equestrianism","Equestrianism  Jumping, Team","Bronze",0,-0.5,"Mixed"
"351",93746,"Rodrigo de Paula Pessoa","M",27,177,67,"Brazil","BRA","2000 Summer",2000,"Summer","Sydney","Equestrianism","Equestrianism  Jumping, Team","Bronze",0,-0.5,"Mixed"
"352",93746,"Rodrigo de Paula Pessoa","M",31,177,67,"Brazil","BRA","2004 Summer",2004,"Summer","Athina","Equestrianism","Equestrianism  Jumping, Individual","Gold",1,-0.5,"Mixed"
"353",93840,"Steffen Peters","M",31,173,68,"United States","USA","1996 Summer",1996,"Summer","Atlanta","Equestrianism","Equestrianism  Dressage, Team","Bronze",0,-0.5,"Mixed"
"354",93840,"Steffen Peters","M",51,173,68,"United States","USA","2016 Summer",2016,"Summer","Rio de Janeiro","Equestrianism","Equestrianism  Dressage, Team","Bronze",0,-0.5,"Mixed"
"355",94497,"Zara Anne Elizabeth Phillips (-Tindall)","F",31,168,64,"Great Britain","GBR","2012 Summer",2012,"Summer","London","Equestrianism","Equestrianism  Three-Day Event, Team","Silver",0,0.5,"Mixed"
"356",95365,"Gerhard Plankensteiner","M",34,189,96,"Italy-1","ITA","2006 Winter",2006,"Winter","Torino","Luge","Luge  (Men)'s Doubles","Bronze",0,-0.5,"Mixed"
"357",95401,"Yevgeny Arkadyevich Platov","M",26,183,72,"Russia-1","RUS","1994 Winter",1994,"Winter","Lillehammer","Figure Skating","Figure Skating  Ice Dancing","Gold",1,-0.5,"Mixed"
"358",95401,"Yevgeny Arkadyevich Platov","M",30,183,72,"Russia-1","RUS","1998 Winter",1998,"Winter","Nagano","Figure Skating","Figure Skating  Ice Dancing","Gold",1,-0.5,"Mixed"
"359",95546,"Yevgeny Viktorovich Plyushchenko","M",31,178,72,"Russia","RUS","2014 Winter",2014,"Winter","Sochi","Figure Skating","Figure Skating  Team","Gold",1,-0.5,"Mixed"
"360",96616,"Caroline Helen Powell","F",39,156,60,"New Zealand","NZL","2012 Summer",2012,"Summer","London","Equestrianism","Equestrianism  Three-Day Event, Team","Bronze",0,0.5,"Mixed"
"361",98141,"Eric Radford","M",29,188,86,"Canada","CAN","2014 Winter",2014,"Winter","Sochi","Figure Skating","Figure Skating  Team","Silver",0,-0.5,"Mixed"
"362",98275,"Hansjrg Raffl","M",36,187,80,"Italy-2","ITA","1994 Winter",1994,"Winter","Lillehammer","Luge","Luge  (Men)'s Doubles","Silver",0,-0.5,"Mixed"
"363",98411,"Zachary Scott ""Zach"" Railey","M",24,192,98,"United States","USA","2008 Summer",2008,"Summer","Beijing","Sailing","Sailing  One Person Dinghy","Silver",0,-0.5,"Mixed"
"364",98552,"Rajeev Ram","M",32,193,84,"United States-1","USA","2016 Summer",2016,"Summer","Rio de Janeiro","Tennis","Tennis  Doubles","Silver",0,-0.5,"Mixed"
"365",98607,"Ignacio Rambla Algarn","M",40,178,75,"Spain","ESP","2004 Summer",2004,"Summer","Athina","Equestrianism","Equestrianism  Dressage, Team","Silver",0,-0.5,"Mixed"
"366",99273,"Lisa Raymond","F",38,165,55,"United States-1","USA","2012 Summer",2012,"Summer","London","Tennis","Tennis  Doubles","Bronze",0,0.5,"Mixed"
"367",100073,"Alexander Resch","M",22,179,72,"Germany-2","GER","2002 Winter",2002,"Winter","Salt Lake City","Luge","Luge  (Men)'s Doubles","Gold",1,-0.5,"Mixed"
"368",100073,"Alexander Resch","M",30,179,72,"Germany-2","GER","2010 Winter",2010,"Winter","Vancouver","Luge","Luge  (Men)'s Doubles","Bronze",0,-0.5,"Mixed"
"369",100262,"Kevin Reynolds","M",23,177,60,"Canada","CAN","2014 Winter",2014,"Winter","Sochi","Figure Skating","Figure Skating  Team","Silver",0,-0.5,"Mixed"
"370",100267,"Mark Jeffrey Reynolds","M",44,192,88,"United States","USA","2000 Summer",2000,"Summer","Sydney","Sailing","Sailing  Two Person Keelboat","Gold",1,-0.5,"Mixed"
"371",100515,"Jonelle Richards-Price","F",31,162,57,"New Zealand","NZL","2012 Summer",2012,"Summer","London","Equestrianism","Equestrianism  Three-Day Event, Team","Bronze",0,0.5,"Mixed"
"372",101374,"Nathan James Robertson","M",27,187,82,"Great Britain-1","GBR","2004 Summer",2004,"Summer","Athina","Badminton","Badminton  Doubles","Silver",0,-0.5,"Mixed"
"373",101497,"Laura Robson","F",18,180,62,"Great Britain","GBR","2012 Summer",2012,"Summer","London","Tennis","Tennis  Doubles","Silver",0,0.5,"Mixed"
"374",102190,"Gillian Rolton","F",40,170,60,"Australia","AUS","1996 Summer",1996,"Summer","Atlanta","Equestrianism","Equestrianism  Three-Day Event, Team","Gold",1,0.5,"Mixed"
"375",102290,"Hinrich Peter Romeike","M",45,175,69,"Germany","GER","2008 Summer",2008,"Summer","Beijing","Equestrianism","Equestrianism  Three-Day Event, Individual","Gold",1,-0.5,"Mixed"
"376",102290,"Hinrich Peter Romeike","M",45,175,69,"Germany","GER","2008 Summer",2008,"Summer","Beijing","Equestrianism","Equestrianism  Three-Day Event, Team","Gold",1,-0.5,"Mixed"
"377",102566,"Shane Rose","M",35,181,80,"Australia","AUS","2008 Summer",2008,"Summer","Beijing","Equestrianism","Equestrianism  Three-Day Event, Team","Silver",0,-0.5,"Mixed"
"378",102566,"Shane Rose","M",43,181,80,"Australia","AUS","2016 Summer",2016,"Summer","Rio de Janeiro","Equestrianism","Equestrianism  Three-Day Event, Team","Bronze",0,-0.5,"Mixed"
"379",102858,"Snke Rothenberger","M",21,193,73,"Germany","GER","2016 Summer",2016,"Summer","Rio de Janeiro","Equestrianism","Equestrianism  Dressage, Team","Gold",1,-0.5,"Mixed"
"380",102859,"Sven Gunther Rothenberger","M",30,190,88,"Netherlands","NED","1996 Summer",1996,"Summer","Atlanta","Equestrianism","Equestrianism  Dressage, Individual","Bronze",0,-0.5,"Mixed"
"381",102859,"Sven Gunther Rothenberger","M",30,190,88,"Netherlands","NED","1996 Summer",1996,"Summer","Atlanta","Equestrianism","Equestrianism  Dressage, Team","Silver",0,-0.5,"Mixed"
"382",103104,"Philippe Rozier","M",53,173,63,"France","FRA","2016 Summer",2016,"Summer","Rio de Janeiro","Equestrianism","Equestrianism  Jumping, Team","Gold",1,-0.5,"Mixed"
"383",103176,"Mrti Rubenis","M",35,184,90,"Latvia","LAT","2014 Winter",2014,"Winter","Sochi","Luge","Luge  Team Relay","Bronze",0,-0.5,"Mixed"
"384",103787,"Matthew Morgan ""Matt"" Ryan","M",36,182,70,"Australia","AUS","2000 Summer",2000,"Summer","Sydney","Equestrianism","Equestrianism  Three-Day Event, Team","Gold",1,-0.5,"Mixed"
"385",104687,"Jamie Rae Sal (-Pelletier)","F",24,155,50,"Canada-1","CAN","2002 Winter",2002,"Winter","Salt Lake City","Figure Skating","Figure Skating  Pairs","Gold",1,0.5,"Mixed"
"386",104923,"Ulla Salzgeber (Helbing-)","F",42,180,65,"Germany","GER","2000 Summer",2000,"Summer","Sydney","Equestrianism","Equestrianism  Dressage, Individual","Bronze",0,0.5,"Mixed"
"387",104923,"Ulla Salzgeber (Helbing-)","F",42,180,65,"Germany","GER","2000 Summer",2000,"Summer","Sydney","Equestrianism","Equestrianism  Dressage, Team","Gold",1,0.5,"Mixed"
"388",104923,"Ulla Salzgeber (Helbing-)","F",46,180,65,"Germany","GER","2004 Summer",2004,"Summer","Athina","Equestrianism","Equestrianism  Dressage, Individual","Silver",0,0.5,"Mixed"
"389",104923,"Ulla Salzgeber (Helbing-)","F",46,180,65,"Germany","GER","2004 Summer",2004,"Summer","Athina","Equestrianism","Equestrianism  Dressage, Team","Gold",1,0.5,"Mixed"
"390",106347,"Aljona Sawtchenko","F",26,153,48,"Germany-1","GER","2010 Winter",2010,"Winter","Vancouver","Figure Skating","Figure Skating  Pairs","Bronze",0,0.5,"Mixed"
"391",106347,"Aljona Sawtchenko","F",30,153,48,"Germany-1","GER","2014 Winter",2014,"Winter","Sochi","Figure Skating","Figure Skating  Pairs","Bronze",0,0.5,"Mixed"
"392",106537,"Wendy Lynn Schaeffer","F",21,167,60,"Australia","AUS","1996 Summer",1996,"Summer","Atlanta","Equestrianism","Equestrianism  Three-Day Event, Team","Gold",1,0.5,"Mixed"
"393",106629,"Martin Schaudt","M",37,185,77,"Germany","GER","1996 Summer",1996,"Summer","Atlanta","Equestrianism","Equestrianism  Dressage, Team","Gold",1,-0.5,"Mixed"
"394",106629,"Martin Schaudt","M",45,185,77,"Germany","GER","2004 Summer",2004,"Summer","Athina","Equestrianism","Equestrianism  Dressage, Team","Gold",1,-0.5,"Mixed"
"395",106683,"Robert Scheidt","M",23,188,76,"Brazil","BRA","1996 Summer",1996,"Summer","Atlanta","Sailing","Sailing  One Person Dinghy","Gold",1,-0.5,"Mixed"
"396",106683,"Robert Scheidt","M",27,188,76,"Brazil","BRA","2000 Summer",2000,"Summer","Sydney","Sailing","Sailing  One Person Dinghy","Silver",0,-0.5,"Mixed"
"397",106683,"Robert Scheidt","M",31,188,76,"Brazil","BRA","2004 Summer",2004,"Summer","Athina","Sailing","Sailing  One Person Dinghy","Gold",1,-0.5,"Mixed"
"398",106707,"Imke Anne Marian Schellekens-Bartels","F",31,178,61,"Sunrise","NED","2008 Summer",2008,"Summer","Beijing","Equestrianism","Equestrianism  Dressage, Team","Silver",0,0.5,"Mixed"
"399",106924,"Mette Schjoldager (-Truedsson)","F",27,168,61,"Denmark-2","DEN","2004 Summer",2004,"Summer","Athina","Badminton","Badminton  Doubles","Bronze",0,0.5,"Mixed"
"400",107102,"Hubertus Schmidt","M",44,183,78,"Germany","GER","2004 Summer",2004,"Summer","Athina","Equestrianism","Equestrianism  Dressage, Team","Gold",1,-0.5,"Mixed"
"401",107257,"Dorothee Schneider (-Krumhoff)","F",43,169,63,"Germany","GER","2012 Summer",2012,"Summer","London","Equestrianism","Equestrianism  Dressage, Team","Silver",0,0.5,"Mixed"
"402",107257,"Dorothee Schneider (-Krumhoff)","F",47,169,63,"Germany","GER","2016 Summer",2016,"Summer","Rio de Janeiro","Equestrianism","Equestrianism  Dressage, Team","Gold",1,0.5,"Mixed"
"403",107479,"Dirk Schrade","M",34,183,68,"Germany","GER","2012 Summer",2012,"Summer","London","Equestrianism","Equestrianism  Three-Day Event, Team","Gold",1,-0.5,"Mixed"
"404",107536,"Gerco Bernardus Schrder","M",33,165,71,"Netherlands","NED","2012 Summer",2012,"Summer","London","Equestrianism","Equestrianism  Jumping, Individual","Silver",0,-0.5,"Mixed"
"405",107536,"Gerco Bernardus Schrder","M",33,165,71,"Netherlands","NED","2012 Summer",2012,"Summer","London","Equestrianism","Equestrianism  Jumping, Team","Silver",0,-0.5,"Mixed"
"406",107729,"Jochen Schmann","M",42,188,94,"Germany","GER","1996 Summer",1996,"Summer","Atlanta","Sailing","Sailing  Three Person Keelboat","Gold",1,-0.5,"Mixed"
"407",107729,"Jochen Schmann","M",46,188,94,"Germany","GER","2000 Summer",2000,"Summer","Sydney","Sailing","Sailing  Three Person Keelboat","Silver",0,-0.5,"Mixed"
"408",107757,"Niklaus Schurtenberger","M",40,188,84,"Switzerland","SUI","2008 Summer",2008,"Summer","Beijing","Equestrianism","Equestrianism  Jumping, Team","Bronze",0,-0.5,"Mixed"
"409",107826,"Ren Schwall","M",29,183,73,"Germany","GER","2000 Summer",2000,"Summer","Sydney","Sailing","Sailing  Multihull","Bronze",0,-0.5,"Mixed"
"410",107934,"Pius Schwizer","M",45,175,65,"Switzerland","SUI","2008 Summer",2008,"Summer","Beijing","Equestrianism","Equestrianism  Jumping, Team","Bronze",0,-0.5,"Mixed"
"411",108309,"Guenter H. Seidel","M",35,187,79,"United States","USA","1996 Summer",1996,"Summer","Atlanta","Equestrianism","Equestrianism  Dressage, Team","Bronze",0,-0.5,"Mixed"
"412",108309,"Guenter H. Seidel","M",39,187,79,"United States","USA","2000 Summer",2000,"Summer","Sydney","Equestrianism","Equestrianism  Dressage, Team","Bronze",0,-0.5,"Mixed"
"413",108309,"Guenter H. Seidel","M",43,187,79,"United States","USA","2004 Summer",2004,"Summer","Athina","Equestrianism","Equestrianism  Dressage, Team","Bronze",0,-0.5,"Mixed"
"414",108984,"Kimberly Lyda ""Kim"" Severson (Vinoski-)","F",30,160,54,"United States","USA","2004 Summer",2004,"Summer","Athina","Equestrianism","Equestrianism  Three-Day Event, Individual","Silver",0,0.5,"Mixed"
"415",108984,"Kimberly Lyda ""Kim"" Severson (Vinoski-)","F",30,160,54,"United States","USA","2004 Summer",2004,"Summer","Athina","Equestrianism","Equestrianism  Three-Day Event, Team","Bronze",0,0.5,"Mixed"
"416",109066,"Maksim Andreyevich Shabalin","M",28,183,76,"Russia-1","RUS","2010 Winter",2010,"Winter","Vancouver","Figure Skating","Figure Skating  Ice Dancing","Bronze",0,-0.5,"Mixed"
"417",109077,"Dmitry Alekseyevich Shabanov","M",32,187,106,"Russia","RUS","1996 Summer",1996,"Summer","Atlanta","Sailing","Sailing  Three Person Keelboat","Silver",0,-0.5,"Mixed"
"418",109394,"Georgy Ivanovich Shayduko","M",33,180,95,"Russia","RUS","1996 Summer",1996,"Summer","Atlanta","Sailing","Sailing  Three Person Keelboat","Silver",0,-0.5,"Mixed"
"419",109460,"Gordon M. ""Gordy"" Sheer","M",26,178,66,"United States-1","USA","1998 Winter",1998,"Winter","Nagano","Luge","Luge  (Men)'s Doubles","Silver",0,-0.5,"Mixed"
"420",109553,"Shen Xue","F",23,160,45,"China-1","CHN","2002 Winter",2002,"Winter","Salt Lake City","Figure Skating","Figure Skating  Pairs","Bronze",0,0.5,"Mixed"
"421",109553,"Shen Xue","F",27,160,45,"China-3","CHN","2006 Winter",2006,"Winter","Torino","Figure Skating","Figure Skating  Pairs","Bronze",0,0.5,"Mixed"
"422",109553,"Shen Xue","F",31,160,45,"China-1","CHN","2010 Winter",2010,"Winter","Vancouver","Figure Skating","Figure Skating  Pairs","Gold",1,0.5,"Mixed"
"423",109956,"Simon Shnapir","M",26,193,86,"United States","USA","2014 Winter",2014,"Winter","Sochi","Figure Skating","Figure Skating  Team","Bronze",0,-0.5,"Mixed"
"424",110173,"Andris ics","M",24,180,90,"Latvia-1","LAT","2010 Winter",2010,"Winter","Vancouver","Luge","Luge  (Men)'s Doubles","Silver",0,-0.5,"Mixed"
"425",110173,"Andris ics","M",28,180,90,"Latvia-1","LAT","2014 Winter",2014,"Winter","Sochi","Luge","Luge  (Men)'s Doubles","Bronze",0,-0.5,"Mixed"
"426",110173,"Andris ics","M",28,180,90,"Latvia","LAT","2014 Winter",2014,"Winter","Sochi","Luge","Luge  Team Relay","Bronze",0,-0.5,"Mixed"
"427",110174,"Juris ics","M",26,174,82,"Latvia-1","LAT","2010 Winter",2010,"Winter","Vancouver","Luge","Luge  (Men)'s Doubles","Silver",0,-0.5,"Mixed"
"428",110174,"Juris ics","M",30,174,82,"Latvia-1","LAT","2014 Winter",2014,"Winter","Sochi","Luge","Luge  (Men)'s Doubles","Bronze",0,-0.5,"Mixed"
"429",110174,"Juris ics","M",30,174,82,"Latvia","LAT","2014 Winter",2014,"Winter","Sochi","Luge","Luge  Team Relay","Bronze",0,-0.5,"Mixed"
"430",110404,"Anton Tarielyevich Sikharulidze","M",21,182,76,"Russia-2","RUS","1998 Winter",1998,"Winter","Nagano","Figure Skating","Figure Skating  Pairs","Silver",0,-0.5,"Mixed"
"431",110404,"Anton Tarielyevich Sikharulidze","M",25,182,76,"Russia-1","RUS","2002 Winter",2002,"Winter","Salt Lake City","Figure Skating","Figure Skating  Pairs","Gold",1,-0.5,"Mixed"
"432",110851,"Alexandra Simons de Ridder","F",36,174,65,"Germany","GER","2000 Summer",2000,"Summer","Sydney","Equestrianism","Equestrianism  Dressage, Team","Gold",1,0.5,"Mixed"
"433",110900,"William ""Will"" Simpson","M",49,173,77,"United States","USA","2008 Summer",2008,"Summer","Beijing","Equestrianism","Equestrianism  Jumping, Team","Gold",1,-0.5,"Mixed"
"434",111576,"Igor Anatolyevich Skalin","M",26,190,104,"Russia","RUS","1996 Summer",1996,"Summer","Atlanta","Sailing","Sailing  Three Person Keelboat","Silver",0,-0.5,"Mixed"
"435",111634,"Nicholas David ""Nick"" Skelton","M",54,175,76,"Great Britain","GBR","2012 Summer",2012,"Summer","London","Equestrianism","Equestrianism  Jumping, Team","Gold",1,-0.5,"Mixed"
"436",111634,"Nicholas David ""Nick"" Skelton","M",58,175,76,"Great Britain","GBR","2016 Summer",2016,"Summer","Rio de Janeiro","Equestrianism","Equestrianism  Jumping, Individual","Gold",1,-0.5,"Mixed"
"437",111990,"Franke Sloothaak","M",38,186,83,"Germany","GER","1996 Summer",1996,"Summer","Atlanta","Equestrianism","Equestrianism  Jumping, Team","Gold",1,-0.5,"Mixed"
"438",112686,"Jack Sock","M",23,191,84,"United States-2","USA","2016 Summer",2016,"Summer","Rio de Janeiro","Tennis","Tennis  Doubles","Gold",1,-0.5,"Mixed"
"439",113376,"Rafael Soto Andrade","M",46,172,74,"Spain","ESP","2004 Summer",2004,"Summer","Athina","Equestrianism","Equestrianism  Dressage, Team","Silver",0,-0.5,"Mixed"
"440",113417,"Gabriela Soukalov (-Koukalov)","F",24,170,62,"Czech Republic","CZE","2014 Winter",2014,"Winter","Sochi","Biathlon","Biathlon  2 x 6 kilometres and 2 x 7.5 kilometres Relay","Silver",0,0.5,"Mixed"
"441",113421,"Jaroslav Soukup","M",31,183,66,"Czech Republic","CZE","2014 Winter",2014,"Winter","Sochi","Biathlon","Biathlon  2 x 6 kilometres and 2 x 7.5 kilometres Relay","Silver",0,-0.5,"Mixed"
"442",113511,"Dmitry Vladimirovich Sovolyov","M",24,183,74,"Russia","RUS","2014 Winter",2014,"Winter","Sochi","Figure Skating","Figure Skating  Team","Gold",1,-0.5,"Mixed"
"443",114420,"Ian David Stark","M",46,177,75,"Great Britain","GBR","2000 Summer",2000,"Summer","Sydney","Equestrianism","Equestrianism  Three-Day Event, Team","Silver",0,-0.5,"Mixed"
"444",114531,"Kevin Staut","M",35,182,70,"France","FRA","2016 Summer",2016,"Summer","Rio de Janeiro","Equestrianism","Equestrianism  Jumping, Team","Gold",1,-0.5,"Mixed"
"445",114764,"Hans-Peter Steinacher","M",32,180,73,"Austria","AUT","2000 Summer",2000,"Summer","Sydney","Sailing","Sailing  Multihull","Gold",1,-0.5,"Mixed"
"446",114764,"Hans-Peter Steinacher","M",35,180,73,"Austria","AUT","2004 Summer",2004,"Summer","Athina","Sailing","Sailing  Multihull","Gold",1,-0.5,"Mixed"
"447",114947,"Radek tpnek","M",37,186,79,"Czech Republic","CZE","2016 Summer",2016,"Summer","Rio de Janeiro","Tennis","Tennis  Doubles","Bronze",0,-0.5,"Mixed"
"448",115048,"Ingo Steuer","M",31,173,68,"Germany-1","GER","1998 Winter",1998,"Winter","Nagano","Figure Skating","Figure Skating  Pairs","Bronze",0,-0.5,"Mixed"
"449",115408,"Espen Stokkeland","M",32,182,92,"Norway","NOR","2000 Summer",2000,"Summer","Sydney","Sailing","Sailing  Three Person Keelboat","Bronze",0,-0.5,"Mixed"
"450",116478,"Sun Man","F",27,176,64,"China-2","CHN","1996 Summer",1996,"Summer","Atlanta","Badminton","Badminton  Doubles","Bronze",0,0.5,"Mixed"
"451",116916,"Emil Hegle Svendsen","M",28,185,77,"Norway","NOR","2014 Winter",2014,"Winter","Sochi","Biathlon","Biathlon  2 x 6 kilometres and 2 x 7.5 kilometres Relay","Gold",1,-0.5,"Mixed"
"452",117573,"Robin Szolkowy","M",30,174,72,"Germany-1","GER","2010 Winter",2010,"Winter","Vancouver","Figure Skating","Figure Skating  Pairs","Bronze",0,-0.5,"Mixed"
"453",117573,"Robin Szolkowy","M",34,174,72,"Germany-1","GER","2014 Winter",2014,"Winter","Sochi","Figure Skating","Figure Skating  Pairs","Bronze",0,-0.5,"Mixed"
"454",117843,"Robert Blyth Tait","M",35,163,63,"New Zealand","NZL","1996 Summer",1996,"Summer","Atlanta","Equestrianism","Equestrianism  Three-Day Event, Individual","Gold",1,-0.5,"Mixed"
"455",117843,"Robert Blyth Tait","M",35,163,63,"New Zealand","NZL","1996 Summer",1996,"Summer","Atlanta","Equestrianism","Equestrianism  Three-Day Event, Team","Bronze",0,-0.5,"Mixed"
"456",119016,"Arjen Gerald Teeuwissen","M",29,195,87,"Netherlands","NED","2000 Summer",2000,"Summer","Sydney","Equestrianism","Equestrianism  Dressage, Team","Silver",0,-0.5,"Mixed"
"457",119416,"Jean Georges Marie Teulre","M",50,169,65,"France","FRA","2004 Summer",2004,"Summer","Athina","Equestrianism","Equestrianism  Three-Day Event, Team","Gold",1,-0.5,"Mixed"
"458",119578,"Monica Theodorescu","F",33,165,50,"Germany","GER","1996 Summer",1996,"Summer","Atlanta","Equestrianism","Equestrianism  Dressage, Team","Gold",1,0.5,"Mixed"
"459",119985,"Peter Thomsen","M",47,183,72,"Germany","GER","2008 Summer",2008,"Summer","Beijing","Equestrianism","Equestrianism  Three-Day Event, Team","Gold",1,-0.5,"Mixed"
"460",119985,"Peter Thomsen","M",51,183,72,"Germany","GER","2012 Summer",2012,"Summer","London","Equestrianism","Equestrianism  Three-Day Event, Team","Gold",1,-0.5,"Mixed"
"461",120017,"Mary Elizabeth Thomson-King","F",43,178,63,"Great Britain","GBR","2004 Summer",2004,"Summer","Athina","Equestrianism","Equestrianism  Three-Day Event, Team","Silver",0,0.5,"Mixed"
"462",120017,"Mary Elizabeth Thomson-King","F",47,178,63,"Great Britain","GBR","2008 Summer",2008,"Summer","Beijing","Equestrianism","Equestrianism  Three-Day Event, Team","Bronze",0,0.5,"Mixed"
"463",120017,"Mary Elizabeth Thomson-King","F",51,178,63,"Great Britain","GBR","2012 Summer",2012,"Summer","London","Equestrianism","Equestrianism  Three-Day Event, Team","Silver",0,0.5,"Mixed"
"464",120086,"Christopher ""Chris"" Thorpe","M",27,188,85,"United States-1","USA","1998 Winter",1998,"Winter","Nagano","Luge","Luge  (Men)'s Doubles","Silver",0,-0.5,"Mixed"
"465",120086,"Christopher ""Chris"" Thorpe","M",31,188,85,"United States-1","USA","2002 Winter",2002,"Winter","Salt Lake City","Luge","Luge  (Men)'s Doubles","Bronze",0,-0.5,"Mixed"
"466",120423,"Minarti Timur","F",32,163,55,"Indonesia-1","INA","2000 Summer",2000,"Summer","Sydney","Badminton","Badminton  Doubles","Silver",0,0.5,"Mixed"
"467",120446,"Stuart Brian Tinney","M",35,180,71,"Australia","AUS","2000 Summer",2000,"Summer","Sydney","Equestrianism","Equestrianism  Three-Day Event, Team","Gold",1,-0.5,"Mixed"
"468",120446,"Stuart Brian Tinney","M",51,180,71,"Australia","AUS","2016 Summer",2016,"Summer","Rio de Janeiro","Equestrianism","Equestrianism  Three-Day Event, Team","Bronze",0,-0.5,"Mixed"
"469",120492,"Elza Truma (-Cauce)","F",23,170,72,"Latvia","LAT","2014 Winter",2014,"Winter","Sochi","Luge","Luge  Team Relay","Bronze",0,0.5,"Mixed"
"470",120661,"Mark James Todd","M",44,190,78,"New Zealand","NZL","2000 Summer",2000,"Summer","Sydney","Equestrianism","Equestrianism  Three-Day Event, Individual","Bronze",0,-0.5,"Mixed"
"471",120661,"Mark James Todd","M",56,190,78,"New Zealand","NZL","2012 Summer",2012,"Summer","London","Equestrianism","Equestrianism  Three-Day Event, Team","Bronze",0,-0.5,"Mixed"
"472",121033,"Tong Jian","M",30,179,75,"China-2","CHN","2010 Winter",2010,"Winter","Vancouver","Figure Skating","Figure Skating  Pairs","Silver",0,-0.5,"Mixed"
"473",121341,"Jayne Torvill (-Christensen)","F",36,160,48,"Great Britain","GBR","1994 Winter",1994,"Winter","Lillehammer","Figure Skating","Figure Skating  Ice Dancing","Bronze",0,0.5,"Mixed"
"474",121426,"Tatyana Ivanovna Totmyanina","F",24,160,44,"Russia-1","RUS","2006 Winter",2006,"Winter","Torino","Figure Skating","Figure Skating  Pairs","Gold",1,0.5,"Mixed"
"475",121521,"Nicolas Jean Denis Touzaint","M",24,174,60,"France","FRA","2004 Summer",2004,"Summer","Athina","Equestrianism","Equestrianism  Three-Day Event, Team","Gold",1,-0.5,"Mixed"
"476",121669,"Maksim Leonidovich Trankov","M",30,187,77,"Russia-1","RUS","2014 Winter",2014,"Winter","Sochi","Figure Skating","Figure Skating  Pairs","Gold",1,-0.5,"Mixed"
"477",121669,"Maksim Leonidovich Trankov","M",30,187,77,"Russia","RUS","2014 Winter",2014,"Winter","Sochi","Figure Skating","Figure Skating  Team","Gold",1,-0.5,"Mixed"
"478",121714,"Christine S.  Traurig","F",43,178,58,"United States","USA","2000 Summer",2000,"Summer","Sydney","Equestrianism","Equestrianism  Dressage, Team","Bronze",0,0.5,"Mixed"
"479",122154,"Amy Tryon","F",34,180,75,"United States","USA","2004 Summer",2004,"Summer","Athina","Equestrianism","Equestrianism  Three-Day Event, Team","Bronze",0,0.5,"Mixed"
"480",123586,"Maiya Valentinovna Usova (-Orletskaya)","F",29,160,45,"Russia-2","RUS","1994 Winter",1994,"Winter","Lillehammer","Figure Skating","Figure Skating  Ice Dancing","Silver",0,0.5,"Mixed"
"481",124080,"Thibaut Vallette","M",42,171,60,"France","FRA","2016 Summer",2016,"Summer","Rio de Janeiro","Equestrianism","Equestrianism  Three-Day Event, Team","Gold",1,-0.5,"Mixed"
"482",124164,"Jacoba Maria Jozina ""Coby"" van Baalen (Dorresteijn-)","F",43,178,63,"Netherlands","NED","2000 Summer",2000,"Summer","Sydney","Equestrianism","Equestrianism  Dressage, Team","Silver",0,0.5,"Mixed"
"483",124472,"Maikel Leonardus van der Vleuten","M",24,170,60,"Netherlands","NED","2012 Summer",2012,"Summer","London","Equestrianism","Equestrianism  Jumping, Team","Silver",0,-0.5,"Mixed"
"484",124626,"Theodora Elisabeth Gerarda ""Anky"" van Grunsven","F",28,172,56,"Netherlands","NED","1996 Summer",1996,"Summer","Atlanta","Equestrianism","Equestrianism  Dressage, Individual","Silver",0,0.5,"Mixed"
"485",124626,"Theodora Elisabeth Gerarda ""Anky"" van Grunsven","F",28,172,56,"Netherlands","NED","1996 Summer",1996,"Summer","Atlanta","Equestrianism","Equestrianism  Dressage, Team","Silver",0,0.5,"Mixed"
"486",124626,"Theodora Elisabeth Gerarda ""Anky"" van Grunsven","F",32,172,56,"Netherlands","NED","2000 Summer",2000,"Summer","Sydney","Equestrianism","Equestrianism  Dressage, Individual","Gold",1,0.5,"Mixed"
"487",124626,"Theodora Elisabeth Gerarda ""Anky"" van Grunsven","F",32,172,56,"Netherlands","NED","2000 Summer",2000,"Summer","Sydney","Equestrianism","Equestrianism  Dressage, Team","Silver",0,0.5,"Mixed"
"488",124626,"Theodora Elisabeth Gerarda ""Anky"" van Grunsven","F",36,172,56,"Netherlands","NED","2004 Summer",2004,"Summer","Athina","Equestrianism","Equestrianism  Dressage, Individual","Gold",1,0.5,"Mixed"
"489",124626,"Theodora Elisabeth Gerarda ""Anky"" van Grunsven","F",40,172,56,"Netherlands","NED","2008 Summer",2008,"Summer","Beijing","Equestrianism","Equestrianism  Dressage, Individual","Gold",1,0.5,"Mixed"
"490",124626,"Theodora Elisabeth Gerarda ""Anky"" van Grunsven","F",40,172,56,"Salinero","NED","2008 Summer",2008,"Summer","Beijing","Equestrianism","Equestrianism  Dressage, Team","Silver",0,0.5,"Mixed"
"491",124626,"Theodora Elisabeth Gerarda ""Anky"" van Grunsven","F",44,172,56,"Netherlands","NED","2012 Summer",2012,"Summer","London","Equestrianism","Equestrianism  Dressage, Team","Bronze",0,0.5,"Mixed"
"492",126799,"Tessa Jane Virtue (-McCormick)","F",20,165,53,"Canada-1","CAN","2010 Winter",2010,"Winter","Vancouver","Figure Skating","Figure Skating  Ice Dancing","Gold",1,0.5,"Mixed"
"493",126799,"Tessa Jane Virtue (-McCormick)","F",24,165,53,"Canada-1","CAN","2014 Winter",2014,"Winter","Sochi","Figure Skating","Figure Skating  Ice Dancing","Silver",0,0.5,"Mixed"
"494",126799,"Tessa Jane Virtue (-McCormick)","F",24,165,53,"Canada","CAN","2014 Winter",2014,"Winter","Sochi","Figure Skating","Figure Skating  Team","Silver",0,0.5,"Mixed"
"495",126885,"Veronika Vtkov","F",25,166,56,"Czech Republic","CZE","2014 Winter",2014,"Winter","Sochi","Biathlon","Biathlon  2 x 6 kilometres and 2 x 7.5 kilometres Relay","Silver",0,0.5,"Mixed"
"496",127236,"Tetiana Andrivna Volosozhar","F",27,159,44,"Russia-1","RUS","2014 Winter",2014,"Winter","Sochi","Figure Skating","Figure Skating  Pairs","Gold",1,0.5,"Mixed"
"497",127236,"Tetiana Andrivna Volosozhar","F",27,159,44,"Russia","RUS","2014 Winter",2014,"Winter","Sochi","Figure Skating","Figure Skating  Team","Gold",1,0.5,"Mixed"
"498",127470,"Albert Bernard Voorn","M",44,180,77,"Netherlands","NED","2000 Summer",2000,"Summer","Sydney","Equestrianism","Equestrianism  Jumping, Individual","Silver",0,-0.5,"Mixed"
"499",127631,"Jan Johannes ""Jur"" Vrieling","M",42,186,81,"Netherlands","NED","2012 Summer",2012,"Summer","London","Equestrianism","Equestrianism  Jumping, Team","Silver",0,-0.5,"Mixed"
"500",127874,"Ashley Elisabeth Wagner","F",22,160,52,"United States","USA","2014 Winter",2014,"Winter","Sochi","Figure Skating","Figure Skating  Team","Bronze",0,0.5,"Mixed"
"501",128103,"Ian James Walker","M",30,174,73,"Great Britain","GBR","2000 Summer",2000,"Summer","Sydney","Sailing","Sailing  Two Person Keelboat","Silver",0,-0.5,"Mixed"
"502",128188,"Hans Carl Johan Walln","M",35,165,67,"Sweden","SWE","1996 Summer",1996,"Summer","Atlanta","Sailing","Sailing  Two Person Keelboat","Silver",0,-0.5,"Mixed"
"503",128724,"McLain Ward","M",28,176,70,"United States","USA","2004 Summer",2004,"Summer","Athina","Equestrianism","Equestrianism  Jumping, Team","Gold",1,-0.5,"Mixed"
"504",128724,"McLain Ward","M",32,176,70,"United States","USA","2008 Summer",2008,"Summer","Beijing","Equestrianism","Equestrianism  Jumping, Team","Gold",1,-0.5,"Mixed"
"505",128724,"McLain Ward","M",40,176,70,"United States","USA","2016 Summer",2016,"Summer","Rio de Janeiro","Equestrianism","Equestrianism  Jumping, Team","Silver",0,-0.5,"Mixed"
"506",128801,"Jonas Warrer","M",29,181,77,"Denmark","DEN","2008 Summer",2008,"Summer","Beijing","Sailing","Sailing  Skiff","Gold",1,-0.5,"Mixed"
"507",128920,"Jason Waterhouse","M",24,185,75,"Australia","AUS","2016 Summer",2016,"Summer","Rio de Janeiro","Sailing","Sailing  Multihull","Silver",0,-0.5,"Mixed"
"508",129611,"Tobias Wendl","M",26,184,88,"Germany-1","GER","2014 Winter",2014,"Winter","Sochi","Luge","Luge  (Men)'s Doubles","Gold",1,-0.5,"Mixed"
"509",129611,"Tobias Wendl","M",26,184,88,"Germany","GER","2014 Winter",2014,"Winter","Sochi","Luge","Luge  Team Relay","Gold",1,-0.5,"Mixed"
"510",129726,"Isabelle Regina Werth","F",26,169,66,"Germany","GER","1996 Summer",1996,"Summer","Atlanta","Equestrianism","Equestrianism  Dressage, Individual","Gold",1,0.5,"Mixed"
"511",129726,"Isabelle Regina Werth","F",26,169,66,"Germany","GER","1996 Summer",1996,"Summer","Atlanta","Equestrianism","Equestrianism  Dressage, Team","Gold",1,0.5,"Mixed"
"512",129726,"Isabelle Regina Werth","F",31,169,66,"Germany","GER","2000 Summer",2000,"Summer","Sydney","Equestrianism","Equestrianism  Dressage, Individual","Silver",0,0.5,"Mixed"
"513",129726,"Isabelle Regina Werth","F",31,169,66,"Germany","GER","2000 Summer",2000,"Summer","Sydney","Equestrianism","Equestrianism  Dressage, Team","Gold",1,0.5,"Mixed"
"514",129726,"Isabelle Regina Werth","F",39,169,66,"Germany","GER","2008 Summer",2008,"Summer","Beijing","Equestrianism","Equestrianism  Dressage, Individual","Silver",0,0.5,"Mixed"
"515",129726,"Isabelle Regina Werth","F",39,169,66,"Satchmo","GER","2008 Summer",2008,"Summer","Beijing","Equestrianism","Equestrianism  Dressage, Team","Gold",1,0.5,"Mixed"
"516",129726,"Isabelle Regina Werth","F",47,169,66,"Germany","GER","2016 Summer",2016,"Summer","Rio de Janeiro","Equestrianism","Equestrianism  Dressage, Individual","Silver",0,0.5,"Mixed"
"517",129726,"Isabelle Regina Werth","F",47,169,66,"Germany","GER","2016 Summer",2016,"Summer","Rio de Janeiro","Equestrianism","Equestrianism  Dressage, Team","Gold",1,0.5,"Mixed"
"518",130032,"Charles Allen ""Charlie"" White, Jr.","M",22,175,73,"United States-1","USA","2010 Winter",2010,"Winter","Vancouver","Figure Skating","Figure Skating  Ice Dancing","Silver",0,-0.5,"Mixed"
"519",130032,"Charles Allen ""Charlie"" White, Jr.","M",26,175,73,"United States-1","USA","2014 Winter",2014,"Winter","Sochi","Figure Skating","Figure Skating  Ice Dancing","Gold",1,-0.5,"Mixed"
"520",130032,"Charles Allen ""Charlie"" White, Jr.","M",26,175,73,"United States","USA","2014 Winter",2014,"Winter","Sochi","Figure Skating","Figure Skating  Team","Bronze",0,-0.5,"Mixed"
"521",130173,"Nova Widianto","M",30,179,73,"Indonesia-1","INA","2008 Summer",2008,"Summer","Beijing","Badminton","Badminton  Doubles","Silver",0,-0.5,"Mixed"
"522",130253,"Dorothea Wierer","F",23,160,57,"Italy","ITA","2014 Winter",2014,"Winter","Sochi","Biathlon","Biathlon  2 x 6 kilometres and 2 x 7.5 kilometres Relay","Bronze",0,0.5,"Mixed"
"523",130289,"Linden Wiesman","F",25,175,64,"United States","USA","2000 Summer",2000,"Summer","Sydney","Equestrianism","Equestrianism  Three-Day Event, Team","Bronze",0,0.5,"Mixed"
"524",130617,"John Williams","M",39,177,68,"United States","USA","2004 Summer",2004,"Summer","Athina","Equestrianism","Equestrianism  Three-Day Event, Team","Bronze",0,-0.5,"Mixed"
"525",130696,"Venus Ebony Starr Williams","F",36,185,75,"United States-1","USA","2016 Summer",2016,"Summer","Rio de Janeiro","Tennis","Tennis  Doubles","Silver",0,0.5,"Mixed"
"526",130873,"Nicola Wilson","F",35,177,64,"Great Britain","GBR","2012 Summer",2012,"Summer","London","Equestrianism","Equestrianism  Three-Day Event, Team","Silver",0,0.5,"Mixed"
"527",130917,"Spencer James W. Wilton","M",43,183,83,"Great Britain","GBR","2016 Summer",2016,"Summer","Rio de Janeiro","Equestrianism","Equestrianism  Dressage, Team","Silver",0,-0.5,"Mixed"
"528",130959,"Dominik Windisch","M",24,180,70,"Italy","ITA","2014 Winter",2014,"Winter","Sochi","Biathlon","Biathlon  2 x 6 kilometres and 2 x 7.5 kilometres Relay","Bronze",0,-0.5,"Mixed"
"529",131639,"Mandy Wtzel","F",24,150,40,"Germany-1","GER","1998 Winter",1998,"Winter","Nagano","Figure Skating","Figure Skating  Pairs","Bronze",0,0.5,"Mixed"
"530",131737,"Joanne Gwendoline Wright-Goode","F",27,171,68,"Great Britain-2","GBR","2000 Summer",2000,"Summer","Sydney","Badminton","Badminton  Doubles","Bronze",0,0.5,"Mixed"
"531",131901,"Torsten Wustlich","M",29,170,72,"Germany-1","GER","2006 Winter",2006,"Winter","Torino","Luge","Luge  (Men)'s Doubles","Silver",0,-0.5,"Mixed"
"532",131935,"Peter Wylde","M",39,182,74,"United States","USA","2004 Summer",2004,"Summer","Athina","Equestrianism","Equestrianism  Jumping, Team","Gold",1,-0.5,"Mixed"
"533",132053,"Xu Chen","M",27,188,82,"China-2","CHN","2012 Summer",2012,"Summer","London","Badminton","Badminton  Doubles","Silver",0,-0.5,"Mixed"
"534",133381,"Yu Yang","F",22,166,62,"China-1","CHN","2008 Summer",2008,"Summer","Beijing","Badminton","Badminton  Doubles","Bronze",0,0.5,"Mixed"
"535",133737,"Thomas Zajac","M",30,180,77,"Austria","AUT","2016 Summer",2016,"Summer","Rio de Janeiro","Sailing","Sailing  Multihull","Bronze",0,-0.5,"Mixed"
"536",134170,"Vasilij bogar","M",28,189,98,"Slovenia","SLO","2004 Summer",2004,"Summer","Athina","Sailing","Sailing  One Person Dinghy","Bronze",0,-0.5,"Mixed"
"537",134439,"Zhang Dan","F",20,167,48,"China-1","CHN","2006 Winter",2006,"Winter","Torino","Figure Skating","Figure Skating  Pairs","Silver",0,0.5,"Mixed"
"538",134461,"Zhang Hao","M",21,181,72,"China-1","CHN","2006 Winter",2006,"Winter","Torino","Figure Skating","Figure Skating  Pairs","Silver",0,-0.5,"Mixed"
"539",134490,"Zhang Jun","M",22,175,75,"China-2","CHN","2000 Summer",2000,"Summer","Sydney","Badminton","Badminton  Doubles","Gold",1,-0.5,"Mixed"
"540",134490,"Zhang Jun","M",26,175,75,"China-2","CHN","2004 Summer",2004,"Summer","Athina","Badminton","Badminton  Doubles","Gold",1,-0.5,"Mixed"
"541",134523,"Zhang Nan","M",22,183,75,"China-1","CHN","2012 Summer",2012,"Summer","London","Badminton","Badminton  Doubles","Gold",1,-0.5,"Mixed"
"542",134523,"Zhang Nan","M",26,183,75,"China-1","CHN","2016 Summer",2016,"Summer","Rio de Janeiro","Badminton","Badminton  Doubles","Bronze",0,-0.5,"Mixed"
"543",134641,"Zhao Hongbo","M",28,177,75,"China-1","CHN","2002 Winter",2002,"Winter","Salt Lake City","Figure Skating","Figure Skating  Pairs","Bronze",0,-0.5,"Mixed"
"544",134641,"Zhao Hongbo","M",32,177,75,"China-3","CHN","2006 Winter",2006,"Winter","Torino","Figure Skating","Figure Skating  Pairs","Bronze",0,-0.5,"Mixed"
"545",134641,"Zhao Hongbo","M",36,177,75,"China-1","CHN","2010 Winter",2010,"Winter","Vancouver","Figure Skating","Figure Skating  Pairs","Gold",1,-0.5,"Mixed"
"546",134683,"Zhao Yunlei","F",25,173,60,"China-1","CHN","2012 Summer",2012,"Summer","London","Badminton","Badminton  Doubles","Gold",1,0.5,"Mixed"
"547",134683,"Zhao Yunlei","F",29,173,60,"China-1","CHN","2016 Summer",2016,"Summer","Rio de Janeiro","Badminton","Badminton  Doubles","Bronze",0,0.5,"Mixed"
"548",134888,"Aleksandr Vyacheslavovich ""Sasha"" Zhulin","M",30,176,70,"Russia-2","RUS","1994 Winter",1994,"Winter","Lillehammer","Figure Skating","Figure Skating  Ice Dancing","Silver",0,-0.5,"Mixed"
"549",135322,"Nathalie Xenia Margareta Benedikte zu Sayn-Wittgenstein-Berleburg","F",33,176,85,"Digby","DEN","2008 Summer",2008,"Summer","Beijing","Equestrianism","Equestrianism  Dressage, Team","Bronze",0,0.5,"Mixed"
